model,year,price,transmission,mileage,fuelType,tax,mpg,engineSize
 GLA Class,2018.0,23000,Semi-Auto,10808.0,Diesel,145.0,56.5,2.1
 C Class,2019.0,26885,Semi-Auto,2622.0,Petrol,145.0,42.2,1.6
 CL Class,2018.0,19991,Semi-Auto,20297.0,Petrol,145.0,53.3,1.6
 M Class,2015.0,21998,Semi-Auto,37963.0,Diesel,205.0,39.2,2.1
 GLA Class,2016.0,17998,Semi-Auto,39017.0,Diesel,125.0,56.5,2.1
 A Class,2017.0,15995,Semi-Auto,10839.0,Petrol,145.0,55.4,1.6
 GLC Class,2017.0,24994,Automatic,9867.0,Diesel,145.0,56.5,2.1
 A Class,2017.0,29840,Semi-Auto,23786.0,Petrol,145.0,40.9,2.0
 V Class,2018.0,20498,Manual,22033.0,Diesel,145.0,46.3,2.1
 C Class,2017.0,22498,Semi-Auto,20491.0,Other,135.0,74.3,2.1
 E Class,2016.0,17999,Semi-Auto,42217.0,Diesel,20.0,72.4,2.0
 GLA Class,2014.0,14998,Semi-Auto,64001.0,Diesel,145.0,55.4,2.1
 GLE Class,2017.0,34950,Semi-Auto,22067.0,Other,135.0,76.4,3.0
 A Class,2017.0,16550,Manual,11460.0,Petrol,145.0,49.6,1.6
 GLC Class,2017.0,27990,Semi-Auto,25782.0,Diesel,145.0,56.5,2.1
 S Class,2019.0,45990,Semi-Auto,14259.0,Diesel,145.0,52.3,3.0
 GLC Class,2017.0,22498,Semi-Auto,30028.0,Diesel,145.0,56.5,2.1
 GLA Class,2017.0,30498,Semi-Auto,20085.0,Petrol,145.0,38.2,2.0
 A Class,2016.0,15290,Manual,39162.0,Diesel,30.0,62.8,2.1
 A Class,2016.0,13695,Manual,41600.0,Diesel,0.0,80.7,1.5
 C Class,2014.0,14780,Semi-Auto,59884.0,Diesel,30.0,64.2,2.1
 CLS Class,2016.0,20498,Semi-Auto,33026.0,Diesel,165.0,51.4,3.0
 C Class,2019.0,31999,Semi-Auto,1052.0,Diesel,145.0,48.7,2.0
 A Class,2016.0,15750,Semi-Auto,52964.0,Diesel,20.0,67.3,2.1
 GLA Class,2016.0,17765,Automatic,36308.0,Diesel,125.0,56.5,2.1
 A Class,2018.0,18220,Automatic,10361.0,Diesel,145.0,68.9,1.5
 E Class,2016.0,16499,Semi-Auto,40930.0,Diesel,150.0,54.3,3.0
 A Class,2019.0,21498,Semi-Auto,6324.0,Diesel,145.0,65.7,1.5
 GLA Class,2015.0,18498,Semi-Auto,22888.0,Diesel,125.0,55.4,2.1
 A Class,2017.0,17695,Automatic,7145.0,Diesel,145.0,74.3,1.5
 GLA Class,2016.0,16485,Manual,12400.0,Diesel,20.0,64.2,2.1
 SLK,2013.0,10857,Automatic,49284.0,Petrol,200.0,43.5,2.0
 B Class,2020.0,23690,Automatic,3012.0,Diesel,145.0,55.4,2.0
 E Class,2015.0,19700,Semi-Auto,33659.0,Petrol,240.0,39.2,3.5
 X-CLASS,2018.0,33991,Automatic,11366.0,Diesel,265.0,31.4,3.0
 A Class,2015.0,16998,Semi-Auto,39587.0,Petrol,200.0,42.8,2.0
 GLC Class,2019.0,37116,Automatic,6250.0,Diesel,145.0,40.9,2.0
 GLC Class,2016.0,23998,Semi-Auto,14946.0,Diesel,125.0,56.5,2.1
 V Class,2018.0,19990,Manual,23415.0,Diesel,145.0,46.3,2.1
 B Class,2013.0,8998,Semi-Auto,46108.0,Diesel,30.0,64.2,1.8
 E Class,2016.0,17000,Semi-Auto,27361.0,Diesel,125.0,56.5,2.1
 E Class,2015.0,15880,Automatic,34821.0,Diesel,125.0,61.4,2.1
 C Class,2016.0,17998,Semi-Auto,35721.0,Diesel,30.0,64.2,2.1
 GLC Class,2017.0,24699,Semi-Auto,28982.0,Diesel,125.0,56.5,2.1
 C Class,2019.0,26499,Semi-Auto,7060.0,Diesel,145.0,56.5,2.0
 E Class,2019.0,36998,Semi-Auto,629.0,Petrol,145.0,32.9,2.0
 A Class,2019.0,19531,Manual,17447.0,Petrol,145.0,28.5,1.3
 A Class,2016.0,15498,Semi-Auto,63454.0,Diesel,20.0,74.3,1.5
 C Class,2017.0,33495,Semi-Auto,22574.0,Petrol,300.0,33.6,4.0
 GLC Class,2019.0,35611,Automatic,26153.0,Diesel,145.0,45.6,3.0
 E Class,2018.0,22998,Semi-Auto,16089.0,Diesel,145.0,65.7,2.0
 SL CLASS,2017.0,19498,Semi-Auto,29114.0,Diesel,30.0,70.6,2.1
 GLE Class,2019.0,46999,Semi-Auto,3769.0,Diesel,145.0,36.7,2.0
 GLC Class,2016.0,29499,Semi-Auto,19932.0,Diesel,145.0,56.5,2.1
 C Class,2017.0,15990,Semi-Auto,38051.0,Diesel,20.0,64.2,2.1
 E Class,2016.0,20698,Semi-Auto,22284.0,Diesel,145.0,54.3,3.0
 GLA Class,2016.0,18999,Semi-Auto,36899.0,Diesel,125.0,56.5,2.1
 GLE Class,2017.0,30498,Semi-Auto,22539.0,Diesel,145.0,47.9,2.1
 C Class,2019.0,24998,Semi-Auto,9344.0,Diesel,145.0,55.4,2.0
 A Class,2018.0,19498,Semi-Auto,12353.0,Petrol,145.0,53.3,1.3
 E Class,2014.0,11495,Semi-Auto,40019.0,Diesel,30.0,58.9,2.1
 M Class,2015.0,20498,Semi-Auto,43072.0,Diesel,205.0,39.2,2.1
 GLC Class,2016.0,28490,Semi-Auto,29889.0,Diesel,145.0,56.5,2.1
 GLA Class,2016.0,17495,Semi-Auto,44499.0,Diesel,125.0,56.5,2.1
 GLA Class,2017.0,19890,Semi-Auto,27219.0,Diesel,145.0,56.5,2.1
 C Class,2007.0,3890,Automatic,87000.0,Petrol,325.0,32.5,1.8
 GLA Class,2017.0,18698,Semi-Auto,20954.0,Diesel,150.0,67.3,2.1
 E Class,2017.0,20880,Automatic,37000.0,Diesel,30.0,65.7,2.0
 A Class,2019.0,19990,Semi-Auto,12503.0,Petrol,145.0,53.3,1.3
 GLC Class,2017.0,26995,Semi-Auto,37950.0,Diesel,145.0,56.5,2.1
 A Class,2019.0,21835,Semi-Auto,9422.0,Diesel,145.0,67.3,1.5
 SL CLASS,2017.0,20498,Semi-Auto,18076.0,Diesel,30.0,70.6,2.1
 E Class,2019.0,26999,Semi-Auto,6134.0,Diesel,150.0,72.4,2.0
 C Class,2016.0,19698,Semi-Auto,41056.0,Diesel,20.0,67.3,2.1
 GLA Class,2016.0,15998,Manual,34699.0,Diesel,20.0,67.3,2.1
 E Class,2019.0,25499,Semi-Auto,5600.0,Diesel,145.0,67.3,2.0
 C Class,2016.0,15998,Semi-Auto,25202.0,Diesel,30.0,65.7,1.6
 S Class,2018.0,56000,Semi-Auto,2286.0,Petrol,145.0,40.9,3.0
 C Class,2016.0,22998,Semi-Auto,23090.0,Diesel,30.0,65.7,2.1
 E Class,2017.0,54999,Semi-Auto,18682.0,Petrol,150.0,31.0,4.0
 GLA Class,2015.0,17485,Semi-Auto,36462.0,Diesel,125.0,55.4,2.1
 C Class,2020.0,34999,Semi-Auto,1500.0,Petrol,145.0,46.3,1.5
 GLC Class,2017.0,25998,Semi-Auto,20804.0,Diesel,125.0,56.5,2.1
 A Class,2018.0,20490,Semi-Auto,640.0,Petrol,145.0,53.3,1.3
 A Class,2019.0,21498,Semi-Auto,4138.0,Diesel,145.0,65.7,1.5
 GLA Class,2019.0,22599,Semi-Auto,5026.0,Diesel,145.0,67.3,2.1
 GLA Class,2018.0,21999,Semi-Auto,15381.0,Diesel,145.0,56.5,2.1
 GLE Class,2016.0,27998,Semi-Auto,24732.0,Diesel,200.0,47.9,2.1
 E Class,2017.0,23390,Semi-Auto,18362.0,Diesel,145.0,70.6,2.0
 A Class,2016.0,15990,Manual,19715.0,Diesel,30.0,62.8,2.1
 C Class,2017.0,17490,Semi-Auto,35576.0,Diesel,145.0,64.2,2.1
 GLA Class,2017.0,15495,Manual,65261.0,Diesel,30.0,64.2,2.1
 V Class,2017.0,29998,Semi-Auto,41298.0,Diesel,205.0,45.6,2.2
 A Class,2018.0,18290,Semi-Auto,7034.0,Diesel,145.0,68.9,1.5
 A Class,2018.0,20855,Semi-Auto,8279.0,Petrol,145.0,53.3,1.3
 C Class,2014.0,15498,Semi-Auto,36243.0,Diesel,30.0,64.2,2.1
 E Class,2017.0,25995,Automatic,22000.0,Diesel,145.0,70.6,2.0
 GLE Class,2017.0,28991,Semi-Auto,17314.0,Diesel,145.0,47.9,2.1
 A Class,2017.0,27990,Semi-Auto,17299.0,Petrol,200.0,40.9,2.0
 E Class,2016.0,18295,Semi-Auto,20582.0,Diesel,125.0,58.9,2.1
 GLE Class,2016.0,30998,Semi-Auto,19574.0,Diesel,240.0,42.8,3.0
 A Class,2018.0,16499,Manual,30066.0,Diesel,150.0,68.9,1.5
 GLC Class,2016.0,23790,Semi-Auto,32549.0,Diesel,125.0,56.5,2.1
 SL CLASS,2019.0,32998,Semi-Auto,17.0,Petrol,145.0,47.1,2.0
 A Class,2019.0,20990,Semi-Auto,14975.0,Diesel,145.0,67.3,1.5
 C Class,2018.0,29498,Semi-Auto,6198.0,Diesel,145.0,54.3,2.0
 S Class,2015.0,28998,Semi-Auto,16382.0,Diesel,200.0,47.9,3.0
 B Class,2010.0,3890,Automatic,71000.0,Petrol,240.0,40.9,1.5
 A Class,2016.0,13490,Semi-Auto,33530.0,Diesel,20.0,74.3,1.5
 GLC Class,2019.0,33990,Semi-Auto,5830.0,Diesel,150.0,40.9,2.0
 SL CLASS,2017.0,20298,Semi-Auto,20055.0,Diesel,30.0,70.6,2.1
 A Class,2016.0,14999,Semi-Auto,19286.0,Petrol,125.0,53.3,1.6
 B Class,2019.0,20882,Automatic,14257.0,Petrol,145.0,45.6,1.3
 GLA Class,2015.0,17491,Semi-Auto,33204.0,Diesel,125.0,55.4,2.1
 GLC Class,2018.0,28499,Semi-Auto,21659.0,Diesel,145.0,56.5,2.1
 SL CLASS,2019.0,30670,Automatic,3000.0,Petrol,145.0,47.1,2.0
 E Class,2016.0,18300,Automatic,36188.0,Diesel,30.0,65.7,2.0
 CLS Class,2015.0,20498,Semi-Auto,41955.0,Diesel,165.0,51.4,3.0
 CL Class,2015.0,15770,Semi-Auto,60111.0,Diesel,30.0,62.8,2.1
 A Class,2019.0,21498,Semi-Auto,5685.0,Diesel,145.0,65.7,1.5
 C Class,2016.0,19690,Semi-Auto,38087.0,Diesel,20.0,67.3,2.1
 C Class,2015.0,13998,Manual,24010.0,Diesel,20.0,72.4,1.6
 S Class,2019.0,60998,Semi-Auto,100.0,Petrol,145.0,40.9,3.0
 B Class,2017.0,12499,Manual,40219.0,Diesel,145.0,68.9,1.5
 CL Class,2019.0,26499,Semi-Auto,11329.0,Diesel,145.0,51.4,2.2
 C Class,2016.0,21440,Semi-Auto,26600.0,Diesel,20.0,67.3,2.1
 V Class,2017.0,30998,Semi-Auto,32577.0,Diesel,145.0,45.6,2.2
 GLA Class,2016.0,15998,Semi-Auto,52029.0,Diesel,125.0,56.5,2.1
 E Class,2019.0,25499,Semi-Auto,7488.0,Diesel,145.0,67.3,2.0
 CL Class,2018.0,21495,Semi-Auto,17107.0,Diesel,145.0,67.3,2.1
 GLE Class,2020.0,54995,Automatic,6700.0,Diesel,150.0,32.8,3.0
 CLS Class,2016.0,21998,Semi-Auto,29306.0,Diesel,160.0,51.4,3.0
 A Class,2019.0,20750,Semi-Auto,3915.0,Petrol,145.0,47.9,1.3
 CL Class,2017.0,18295,Automatic,49434.0,Diesel,125.0,58.9,2.1
 GLE Class,2019.0,53990,Automatic,5214.0,Diesel,145.0,32.5,3.0
 GLC Class,2016.0,25998,Semi-Auto,40220.0,Diesel,145.0,56.5,2.1
 C Class,2019.0,28998,Manual,22.0,Petrol,145.0,48.7,1.6
 GLC Class,2017.0,24498,Semi-Auto,36058.0,Diesel,125.0,56.5,2.1
 CL Class,2013.0,10995,Manual,69965.0,Petrol,125.0,50.4,1.6
 GLA Class,2016.0,19640,Automatic,14502.0,Diesel,125.0,56.5,2.1
 E Class,2017.0,19998,Semi-Auto,46230.0,Diesel,145.0,67.3,2.0
 GLA Class,2017.0,14950,Manual,54952.0,Diesel,30.0,64.2,2.1
 C Class,2016.0,17890,Automatic,44184.0,Petrol,125.0,50.4,2.0
 A Class,2017.0,17600,Manual,12343.0,Diesel,145.0,68.9,1.5
 E Class,2014.0,13970,Automatic,51176.0,Diesel,200.0,47.1,3.0
 C Class,2013.0,9490,Semi-Auto,41921.0,Petrol,145.0,47.9,1.6
 C Class,2018.0,27495,Semi-Auto,16347.0,Diesel,145.0,57.7,2.0
 GLE Class,2019.0,62495,Semi-Auto,11545.0,Petrol,145.0,23.9,5.5
 B Class,2019.0,21998,Semi-Auto,7214.0,Diesel,145.0,55.4,2.0
 B Class,2016.0,13498,Manual,25726.0,Diesel,20.0,68.9,1.5
 B Class,2019.0,21498,Manual,4653.0,Petrol,145.0,45.6,1.3
 E Class,2018.0,23499,Semi-Auto,13904.0,Diesel,145.0,67.3,2.0
 E Class,2017.0,21290,Semi-Auto,21165.0,Diesel,160.0,52.3,3.0
 GLB Class,2020.0,35400,Semi-Auto,2000.0,Diesel,145.0,46.3,2.0
 GLS Class,2019.0,46770,Automatic,11231.0,Diesel,145.0,37.2,3.0
 C Class,2016.0,16498,Semi-Auto,27034.0,Diesel,30.0,65.7,1.6
 A Class,2020.0,32980,Automatic,606.0,Petrol,145.0,35.8,2.0
 C Class,2018.0,23498,Semi-Auto,17093.0,Diesel,145.0,67.3,2.1
 C Class,2017.0,18998,Automatic,20949.0,Diesel,145.0,61.4,2.1
 C Class,2014.0,15298,Semi-Auto,41416.0,Diesel,30.0,64.2,2.1
 C Class,2019.0,24498,Semi-Auto,15838.0,Diesel,145.0,61.4,2.0
 C Class,2014.0,28990,Semi-Auto,19562.0,Petrol,570.0,23.5,6.2
 C Class,2019.0,32998,Semi-Auto,17.0,Petrol,145.0,46.3,1.5
 CLS Class,2016.0,22998,Semi-Auto,13720.0,Diesel,165.0,51.4,3.0
 C Class,2015.0,17636,Semi-Auto,24923.0,Diesel,30.0,64.2,2.1
 C Class,2014.0,15998,Semi-Auto,66140.0,Diesel,125.0,60.1,2.1
 GLE Class,2019.0,43990,Automatic,10974.0,Diesel,145.0,36.7,3.0
 C Class,2015.0,18191,Semi-Auto,11470.0,Diesel,30.0,64.2,1.6
 C Class,2017.0,19890,Automatic,26878.0,Petrol,150.0,48.7,2.0
 C Class,2017.0,23990,Semi-Auto,19784.0,Petrol,145.0,42.2,2.0
 V Class,2018.0,20498,Manual,20841.0,Diesel,145.0,46.3,2.1
 SL CLASS,2016.0,28650,Semi-Auto,9262.0,Petrol,260.0,36.7,3.0
 GLE Class,2017.0,27990,Automatic,17400.0,Diesel,145.0,42.8,3.0
 C Class,2016.0,16998,Semi-Auto,43014.0,Diesel,30.0,64.2,2.1
 A Class,2014.0,13251,Semi-Auto,41700.0,Diesel,20.0,64.2,2.1
 CLA Class,2017.0,20480,Automatic,31949.0,Diesel,150.0,58.9,2.1
 CL Class,2015.0,15998,Manual,29901.0,Petrol,125.0,50.4,1.6
 CL Class,2013.0,11460,Manual,64000.0,Petrol,125.0,50.4,1.6
 A Class,2017.0,14998,Semi-Auto,30626.0,Diesel,150.0,74.3,1.5
 E Class,2018.0,21498,Semi-Auto,25454.0,Diesel,150.0,72.4,2.0
 C Class,2018.0,19940,Semi-Auto,18882.0,Diesel,145.0,61.4,2.1
 GLE Class,2019.0,56499,Semi-Auto,4315.0,Petrol,145.0,29.5,3.0
 GLA Class,2017.0,18998,Semi-Auto,18847.0,Petrol,150.0,50.4,1.6
 A Class,2019.0,19990,Semi-Auto,9191.0,Petrol,145.0,53.3,1.3
 A Class,2019.0,18995,Semi-Auto,21400.0,Petrol,145.0,53.3,1.3
 GLA Class,2014.0,23495,Semi-Auto,27265.0,Petrol,235.0,37.7,2.0
 CL Class,2016.0,15295,Manual,41774.0,Diesel,20.0,67.3,2.1
 SL CLASS,2016.0,18698,Semi-Auto,35595.0,Diesel,30.0,70.6,2.1
 C Class,2017.0,18998,Semi-Auto,28808.0,Diesel,145.0,61.4,2.1
 E Class,2015.0,12691,Semi-Auto,78000.0,Diesel,125.0,61.4,2.1
 A Class,2015.0,12998,Semi-Auto,42724.0,Diesel,20.0,68.9,2.1
 C Class,2016.0,19798,Semi-Auto,29643.0,Diesel,125.0,60.1,2.1
 A Class,2019.0,18499,Semi-Auto,14978.0,Diesel,145.0,65.7,1.5
 CLS Class,2015.0,17450,Automatic,60972.0,Diesel,160.0,52.3,3.0
 A Class,2019.0,18499,Semi-Auto,18588.0,Diesel,145.0,65.7,1.5
 S Class,2016.0,25498,Semi-Auto,44072.0,Diesel,200.0,47.9,3.0
 A Class,2014.0,12498,Semi-Auto,35677.0,Diesel,20.0,68.9,2.1
 GLE Class,2018.0,31298,Semi-Auto,6951.0,Diesel,145.0,47.9,2.1
 GLE Class,2017.0,28500,Semi-Auto,28297.0,Diesel,200.0,47.9,2.1
 E Class,2016.0,19990,Semi-Auto,43000.0,Diesel,160.0,51.4,3.0
 GLA Class,2017.0,19799,Semi-Auto,9186.0,Diesel,150.0,56.5,2.1
 GLS Class,2016.0,37385,Automatic,21169.0,Diesel,305.0,37.2,3.0
 E Class,2017.0,18990,Semi-Auto,43500.0,Diesel,145.0,61.4,2.0
 A Class,2016.0,15770,Semi-Auto,31711.0,Diesel,20.0,67.3,2.1
 C Class,2017.0,24995,Automatic,14000.0,Petrol,145.0,47.1,2.0
 C Class,2015.0,14698,Semi-Auto,43331.0,Diesel,20.0,64.2,2.1
 E Class,2015.0,19498,Semi-Auto,22877.0,Diesel,150.0,54.3,3.0
 C Class,2016.0,14220,Semi-Auto,45868.0,Diesel,20.0,65.7,2.1
 GLA Class,2014.0,20498,Semi-Auto,45231.0,Petrol,235.0,37.7,2.0
 C Class,2016.0,13991,Semi-Auto,49494.0,Diesel,30.0,64.2,2.1
 GLE Class,2018.0,15491,Semi-Auto,42882.0,Diesel,150.0,47.9,2.1
 M Class,2015.0,21998,Automatic,22976.0,Diesel,300.0,39.2,3.0
 A Class,2016.0,12390,Manual,49846.0,Diesel,20.0,72.4,1.5
 C Class,2017.0,16498,Automatic,20764.0,Diesel,150.0,58.9,2.1
 C Class,2016.0,12998,Manual,53453.0,Diesel,20.0,70.6,2.1
 S Class,2019.0,49998,Semi-Auto,83.0,Diesel,145.0,52.3,3.0
 GLA Class,2017.0,18447,Automatic,54961.0,Diesel,145.0,56.5,2.1
 C Class,2017.0,21697,Semi-Auto,28272.0,Petrol,145.0,47.1,2.0
 C Class,2014.0,15998,Semi-Auto,34382.0,Diesel,30.0,64.2,2.1
 C Class,2019.0,21980,Semi-Auto,5572.0,Petrol,145.0,45.6,1.5
 E Class,2016.0,20998,Semi-Auto,37181.0,Diesel,160.0,51.4,3.0
 C Class,2019.0,28660,Automatic,6282.0,Diesel,145.0,54.3,2.0
 GLE Class,2019.0,47995,Semi-Auto,7018.0,Diesel,145.0,36.7,2.0
 GLC Class,2017.0,24510,Automatic,26995.0,Diesel,145.0,56.5,2.1
 GLA Class,2015.0,15990,Semi-Auto,49626.0,Diesel,125.0,55.4,2.1
 GLA Class,2018.0,19950,Automatic,18621.0,Diesel,145.0,56.5,2.1
 C Class,2018.0,19998,Semi-Auto,15383.0,Petrol,145.0,46.3,1.5
 E Class,2015.0,21298,Semi-Auto,15048.0,Diesel,160.0,51.4,3.0
 C Class,2017.0,22260,Semi-Auto,27637.0,Diesel,30.0,64.2,2.1
 SL CLASS,2017.0,20745,Automatic,23103.0,Diesel,30.0,70.6,2.1
 E Class,2017.0,23499,Semi-Auto,20776.0,Diesel,125.0,58.9,2.0
 CL Class,2019.0,37999,Semi-Auto,3647.0,Petrol,145.0,40.9,2.0
 C Class,2019.0,22270,Automatic,3233.0,Petrol,145.0,44.1,1.6
 E Class,2016.0,22990,Automatic,49521.0,Diesel,160.0,51.4,3.0
 E Class,2014.0,12795,Semi-Auto,54358.0,Diesel,125.0,58.9,2.1
 C Class,2015.0,13498,Manual,31125.0,Diesel,20.0,70.6,2.1
 C Class,2015.0,16998,Semi-Auto,26273.0,Petrol,125.0,52.3,2.0
 C Class,2019.0,33998,Semi-Auto,3814.0,Petrol,145.0,44.1,1.5
 C Class,2016.0,17699,Semi-Auto,15511.0,Petrol,125.0,52.3,2.0
 S Class,2019.0,59998,Semi-Auto,10500.0,Petrol,145.0,34.5,3.0
 GLE Class,2017.0,28498,Semi-Auto,30825.0,Diesel,145.0,47.9,2.1
 B Class,2017.0,13999,Manual,17341.0,Diesel,20.0,67.3,2.1
 GLA Class,2016.0,15290,Manual,42365.0,Diesel,20.0,64.2,2.1
 GLC Class,2020.0,32950,Automatic,3528.0,Diesel,145.0,44.8,2.0
 C Class,2016.0,20700,Semi-Auto,27890.0,Diesel,20.0,67.3,2.1
 E Class,2015.0,14998,Semi-Auto,45033.0,Diesel,125.0,56.5,2.1
 GLA Class,2017.0,22750,Semi-Auto,9000.0,Diesel,145.0,56.5,2.1
 GLE Class,2015.0,25498,Semi-Auto,29078.0,Diesel,200.0,47.9,2.1
 C Class,2019.0,31998,Semi-Auto,2000.0,Petrol,145.0,42.2,2.0
 A Class,2018.0,20991,Semi-Auto,5322.0,Petrol,145.0,53.3,1.3
 GLA Class,2016.0,17690,Semi-Auto,41520.0,Diesel,125.0,56.5,2.1
 GLC Class,2017.0,25498,Semi-Auto,9444.0,Diesel,145.0,56.5,2.1
 CL Class,2017.0,18995,Semi-Auto,30877.0,Petrol,150.0,53.3,1.6
 E Class,2014.0,13490,Semi-Auto,23226.0,Diesel,30.0,58.9,2.1
 GLA Class,2015.0,18498,Semi-Auto,18106.0,Diesel,125.0,56.6,2.1
 E Class,2017.0,21998,Semi-Auto,16062.0,Diesel,145.0,52.3,3.0
 M Class,2013.0,15890,Automatic,66426.0,Diesel,300.0,39.2,3.0
 CLS Class,2015.0,19298,Semi-Auto,40912.0,Diesel,125.0,57.7,2.1
 B Class,2019.0,23750,Automatic,278.0,Diesel,145.0,55.4,2.0
 E Class,2019.0,46998,Semi-Auto,3325.0,Petrol,145.0,32.5,3.0
 GLC Class,2016.0,28998,Semi-Auto,16742.0,Diesel,145.0,56.5,2.1
 A Class,2018.0,18490,Semi-Auto,10857.0,Petrol,145.0,53.3,1.3
 GLE Class,2016.0,34698,Semi-Auto,27229.0,Diesel,305.0,39.2,3.0
 A Class,2019.0,19990,Semi-Auto,8293.0,Petrol,145.0,53.3,1.3
 GLA Class,2016.0,17800,Automatic,34092.0,Diesel,125.0,56.6,2.1
 C Class,2018.0,27998,Semi-Auto,6787.0,Diesel,145.0,57.7,2.0
 E Class,2018.0,24490,Semi-Auto,11052.0,Diesel,145.0,65.7,2.0
 GLA Class,2014.0,15898,Automatic,38004.0,Diesel,145.0,55.4,2.1
 GLE Class,2017.0,28498,Semi-Auto,26416.0,Diesel,205.0,47.9,2.1
 E Class,2016.0,19298,Semi-Auto,26780.0,Diesel,160.0,52.3,3.0
 B Class,2019.0,20700,Automatic,14931.0,Petrol,145.0,45.6,1.3
 A Class,2017.0,19231,Automatic,23174.0,Diesel,145.0,68.9,2.1
 A Class,2019.0,21035,Automatic,3166.0,Petrol,145.0,47.9,1.3
 A Class,2017.0,18298,Semi-Auto,7919.0,Diesel,145.0,68.9,2.1
 GLE Class,2016.0,31390,Semi-Auto,30772.0,Diesel,300.0,39.2,3.0
 GL Class,2015.0,31998,Semi-Auto,36281.0,Diesel,330.0,36.2,3.0
 C Class,2014.0,15698,Semi-Auto,39920.0,Diesel,30.0,64.2,2.1
 SL CLASS,2016.0,18498,Semi-Auto,33502.0,Diesel,30.0,70.6,2.1
 C Class,2018.0,20890,Semi-Auto,3033.0,Petrol,145.0,44.1,1.5
 C Class,2017.0,20871,Semi-Auto,37194.0,Diesel,145.0,65.7,2.1
 E Class,2019.0,33995,Semi-Auto,5000.0,Diesel,145.0,45.6,2.0
 SL CLASS,2017.0,18990,Manual,17261.0,Petrol,160.0,43.5,2.0
 A Class,2018.0,19490,Automatic,6731.0,Petrol,145.0,53.3,1.3
 E Class,2017.0,22350,Semi-Auto,14850.0,Diesel,145.0,61.4,2.0
 C Class,2017.0,18350,Semi-Auto,42000.0,Diesel,30.0,64.2,2.1
 CLS Class,2016.0,22998,Semi-Auto,25536.0,Diesel,160.0,51.4,3.0
 A Class,2018.0,19660,Automatic,5177.0,Petrol,145.0,53.3,1.3
 G Class,2016.0,61948,Automatic,16000.0,Petrol,325.0,30.4,4.0
 A Class,2018.0,19297,Automatic,7236.0,Petrol,145.0,53.3,1.3
 C Class,2017.0,17998,Semi-Auto,16291.0,Petrol,145.0,50.4,2.0
 A Class,2013.0,9995,Manual,83000.0,Diesel,20.0,70.6,1.5
 A Class,2019.0,24995,Semi-Auto,4500.0,Diesel,145.0,67.3,1.5
 GLA Class,2017.0,17998,Semi-Auto,47465.0,Diesel,145.0,64.2,2.1
 S Class,2019.0,89999,Semi-Auto,1400.0,Petrol,145.0,34.0,4.0
 A Class,2019.0,25190,Automatic,2471.0,Diesel,145.0,56.5,2.0
 V Class,2018.0,20998,Manual,11323.0,Diesel,145.0,46.3,2.1
 V Class,2018.0,20498,Manual,22011.0,Diesel,145.0,46.3,2.1
 GLC Class,2016.0,25780,Automatic,34358.0,Diesel,125.0,56.5,2.1
 A Class,2019.0,21291,Semi-Auto,13361.0,Diesel,145.0,67.3,1.5
 V Class,2018.0,20498,Manual,18831.0,Diesel,145.0,46.3,2.1
 GLA Class,2016.0,17990,Semi-Auto,30171.0,Diesel,125.0,56.5,2.1
 E Class,2014.0,14975,Semi-Auto,58145.0,Diesel,200.0,47.1,3.0
 A Class,2017.0,16450,Semi-Auto,37112.0,Diesel,20.0,68.9,2.1
 CLS Class,2014.0,19998,Semi-Auto,25696.0,Diesel,165.0,52.3,3.0
 GLC Class,2016.0,22499,Semi-Auto,49822.0,Diesel,125.0,56.5,2.1
 A Class,2019.0,20780,Semi-Auto,11324.0,Petrol,145.0,53.3,1.3
 S Class,2018.0,41999,Semi-Auto,8107.0,Diesel,145.0,52.3,3.0
 E Class,2016.0,18698,Semi-Auto,31131.0,Diesel,145.0,54.3,3.0
 A Class,2019.0,21998,Semi-Auto,19324.0,Petrol,150.0,53.3,1.3
 C Class,2016.0,15698,Automatic,42062.0,Petrol,125.0,50.4,2.0
 A Class,2017.0,15245,Manual,22969.0,Diesel,145.0,68.9,1.5
 B Class,2017.0,13298,Manual,31705.0,Diesel,150.0,68.9,1.5
 GLA Class,2014.0,13990,Automatic,56488.0,Diesel,145.0,55.4,2.1
 E Class,2017.0,21498,Semi-Auto,20636.0,Diesel,160.0,52.3,3.0
 A Class,2016.0,14998,Manual,24569.0,Diesel,20.0,68.9,1.5
 CLS Class,2017.0,23998,Semi-Auto,27354.0,Diesel,160.0,49.6,3.0
 CLS Class,2016.0,22498,Semi-Auto,14466.0,Diesel,160.0,51.4,3.0
 S Class,2018.0,41990,Semi-Auto,7527.0,Diesel,145.0,52.3,3.0
 C Class,2017.0,16499,Semi-Auto,30536.0,Petrol,150.0,50.4,2.0
 GLC Class,2016.0,25495,Semi-Auto,24290.0,Diesel,125.0,56.5,2.1
 CL Class,2014.0,20998,Semi-Auto,60488.0,Petrol,200.0,39.8,2.0
 V Class,2018.0,19998,Manual,14941.0,Diesel,145.0,46.3,2.1
 GLC Class,2019.0,29490,Semi-Auto,8115.0,Diesel,145.0,56.5,2.1
 A Class,2019.0,20741,Semi-Auto,11112.0,Petrol,145.0,53.3,1.3
 C Class,2018.0,24799,Semi-Auto,20087.0,Petrol,145.0,47.1,2.0
 GLC Class,2016.0,27998,Semi-Auto,43910.0,Diesel,145.0,56.5,2.1
 B Class,2015.0,11240,Automatic,47000.0,Diesel,125.0,56.5,2.1
 C Class,2017.0,18498,Semi-Auto,20618.0,Diesel,30.0,64.2,2.1
 E Class,2015.0,20498,Semi-Auto,27688.0,Diesel,160.0,51.4,3.0
 C Class,2019.0,29290,Semi-Auto,4703.0,Diesel,145.0,57.7,2.0
 E Class,2016.0,20498,Semi-Auto,37915.0,Diesel,160.0,51.4,3.0
 C Class,2017.0,18660,Semi-Auto,23257.0,Diesel,145.0,61.4,2.1
 CL Class,2017.0,20750,Semi-Auto,9447.0,Diesel,145.0,67.3,2.1
 M Class,2014.0,18500,Semi-Auto,48928.0,Diesel,200.0,46.3,2.1
 GLA Class,2015.0,16690,Semi-Auto,14726.0,Diesel,20.0,64.2,2.1
 E Class,2019.0,27990,Semi-Auto,4158.0,Petrol,145.0,39.8,2.0
 GLA Class,2015.0,17624,Automatic,29505.0,Diesel,125.0,55.4,2.1
 A Class,2018.0,18885,Automatic,7047.0,Petrol,145.0,53.3,1.3
 CLS Class,2019.0,35499,Semi-Auto,12057.0,Diesel,145.0,48.7,2.9
 GLC Class,2017.0,21950,Semi-Auto,57000.0,Diesel,125.0,56.5,2.1
 A Class,2016.0,16450,Manual,25623.0,Petrol,200.0,41.5,2.0
 A Class,2019.0,22990,Semi-Auto,11520.0,Petrol,145.0,53.3,1.3
 GLA Class,2015.0,15390,Semi-Auto,60216.0,Diesel,125.0,55.4,2.1
 CLS Class,2015.0,18999,Semi-Auto,22067.0,Diesel,125.0,57.7,2.1
 B Class,2016.0,11450,Manual,23563.0,Diesel,20.0,68.9,1.5
 C Class,2016.0,17699,Semi-Auto,43236.0,Diesel,30.0,61.4,2.1
 E Class,2016.0,15635,Semi-Auto,30132.0,Diesel,30.0,64.2,2.1
 GLE Class,2017.0,26998,Semi-Auto,20113.0,Diesel,200.0,47.9,2.1
 CL Class,2013.0,11998,Manual,33562.0,Petrol,125.0,50.4,1.6
 A Class,2020.0,22490,Automatic,3521.0,Diesel,145.0,56.5,2.0
 SL CLASS,2016.0,49948,Automatic,6200.0,Petrol,555.0,28.0,5.5
 GLE Class,2018.0,30948,Automatic,16000.0,Diesel,145.0,47.9,2.1
 S Class,2015.0,27498,Semi-Auto,35236.0,Diesel,200.0,47.9,3.0
 A Class,2018.0,15694,Manual,43396.0,Diesel,145.0,68.9,1.5
 E Class,2019.0,24489,Semi-Auto,22561.0,Diesel,145.0,61.4,2.0
 CL Class,2019.0,21995,Manual,13329.0,Petrol,150.0,44.1,1.6
 A Class,2015.0,18998,Semi-Auto,23247.0,Petrol,200.0,42.8,2.0
 C Class,2017.0,21190,Semi-Auto,14044.0,Diesel,150.0,61.4,2.1
 SL CLASS,2017.0,21609,Automatic,2780.0,Diesel,30.0,70.6,2.1
 E Class,2017.0,21820,Automatic,20952.0,Diesel,145.0,54.3,3.0
 A Class,2019.0,19991,Semi-Auto,13570.0,Petrol,145.0,53.3,1.3
 C Class,2016.0,14450,Semi-Auto,19598.0,Petrol,125.0,53.3,2.0
 A Class,2020.0,21750,Manual,2896.0,Petrol,145.0,47.1,1.3
 C Class,2015.0,16310,Semi-Auto,55226.0,Diesel,30.0,64.2,2.1
 C Class,2015.0,12880,Semi-Auto,32786.0,Diesel,145.0,53.3,2.1
 C Class,2020.0,29950,Semi-Auto,101.0,Diesel,145.0,64.2,2.0
 C Class,2019.0,27791,Semi-Auto,9057.0,Diesel,145.0,56.5,2.0
 C Class,2016.0,27498,Semi-Auto,37941.0,Petrol,260.0,35.8,3.0
 SL CLASS,2017.0,20601,Automatic,16730.0,Diesel,150.0,70.6,2.1
 S Class,2015.0,26498,Semi-Auto,34434.0,Diesel,200.0,48.7,3.0
 C Class,2017.0,16922,Semi-Auto,52519.0,Diesel,30.0,64.2,1.6
 E Class,2019.0,24541,Automatic,10279.0,Diesel,145.0,67.3,2.0
 C Class,2019.0,29623,Automatic,7500.0,Diesel,145.0,64.2,2.0
 E Class,2015.0,17998,Semi-Auto,42577.0,Diesel,145.0,54.3,3.0
 B Class,2011.0,3990,Automatic,90000.0,Petrol,240.0,40.9,1.5
 A Class,2015.0,11998,Semi-Auto,50244.0,Diesel,20.0,68.9,1.5
 SL CLASS,2017.0,20998,Semi-Auto,18739.0,Diesel,145.0,70.6,2.1
 E Class,2020.0,35438,Automatic,3500.0,Diesel,145.0,42.8,2.0
 GLA Class,2016.0,16695,Automatic,26000.0,Diesel,30.0,64.2,2.1
 B Class,2017.0,13291,Semi-Auto,21742.0,Diesel,20.0,70.6,2.1
 A Class,2013.0,7300,Automatic,54000.0,Diesel,30.0,65.7,1.8
 E Class,2015.0,14980,Semi-Auto,59101.0,Diesel,160.0,51.4,2.1
 C Class,2016.0,17998,Automatic,32769.0,Diesel,30.0,64.2,2.1
 B Class,2019.0,20945,Automatic,13661.0,Petrol,145.0,45.6,1.3
 A Class,2015.0,13500,Semi-Auto,35343.0,Diesel,20.0,68.9,2.1
 B Class,2013.0,9998,Semi-Auto,34837.0,Diesel,30.0,64.2,1.8
 A Class,2019.0,21530,Semi-Auto,14817.0,Diesel,145.0,67.3,1.5
 B Class,2019.0,23395,Semi-Auto,1928.0,Diesel,145.0,55.4,2.0
 E Class,2019.0,41550,Automatic,159.0,Petrol,145.0,31.7,3.0
 V Class,2018.0,21996,Manual,32095.0,Diesel,145.0,46.3,2.1
 C Class,2019.0,23998,Semi-Auto,10357.0,Diesel,145.0,61.4,2.0
 GLA Class,2015.0,13995,Semi-Auto,62760.0,Diesel,20.0,62.8,2.1
 C Class,2019.0,21980,Automatic,7716.0,Petrol,145.0,45.6,1.5
 V Class,2018.0,20498,Manual,23128.0,Diesel,145.0,46.3,2.1
 GLA Class,2016.0,18435,Semi-Auto,40882.0,Diesel,125.0,56.5,2.1
 C Class,2019.0,28880,Automatic,7324.0,Petrol,145.0,46.3,1.5
 GLE Class,2016.0,29990,Semi-Auto,63250.0,Diesel,145.0,32.5,3.0
 C Class,2017.0,22498,Semi-Auto,22888.0,Diesel,20.0,67.3,2.1
 CLA Class,2016.0,14480,Automatic,84000.0,Petrol,200.0,42.8,2.0
 A Class,2019.0,19250,Manual,11381.0,Petrol,145.0,28.5,1.3
 A Class,2018.0,18888,Automatic,11565.0,Diesel,145.0,67.3,1.5
 GLC Class,2016.0,19490,Semi-Auto,59442.0,Diesel,125.0,56.5,2.1
 CLS Class,2018.0,33990,Semi-Auto,8123.0,Diesel,145.0,48.7,2.9
 E Class,2017.0,20998,Semi-Auto,22930.0,Diesel,145.0,72.4,2.0
 GLC Class,2017.0,37998,Semi-Auto,20418.0,Petrol,145.0,34.0,3.0
 A Class,2019.0,20990,Semi-Auto,15059.0,Diesel,145.0,67.3,1.5
 M Class,2014.0,15998,Semi-Auto,71657.0,Diesel,200.0,44.8,2.1
 A Class,2013.0,13998,Semi-Auto,29698.0,Diesel,30.0,64.2,2.1
 GLC Class,2019.0,27991,Semi-Auto,8811.0,Diesel,145.0,41.5,2.1
 B Class,2018.0,17990,Automatic,11290.0,Diesel,145.0,68.9,2.1
 V Class,2017.0,27998,Semi-Auto,58590.0,Diesel,235.0,44.8,2.2
 C Class,2015.0,16990,Semi-Auto,11954.0,Diesel,20.0,64.2,2.1
 CLS Class,2019.0,37352,Automatic,3000.0,Diesel,150.0,45.6,2.0
 GLC Class,2019.0,30799,Automatic,9886.0,Diesel,145.0,41.5,2.1
 E Class,2014.0,11950,Semi-Auto,70000.0,Diesel,145.0,54.3,2.1
 C Class,2016.0,18998,Semi-Auto,28388.0,Diesel,30.0,64.2,1.6
 E Class,2017.0,21495,Semi-Auto,18658.0,Diesel,145.0,67.3,2.0
 SLK,2004.0,4890,Automatic,46000.0,Petrol,330.0,28.0,3.5
 CL Class,2019.0,25498,Semi-Auto,13953.0,Diesel,145.0,51.4,2.2
 CLS Class,2015.0,17991,Semi-Auto,29139.0,Diesel,125.0,57.7,2.1
 GLA Class,2014.0,13447,Automatic,54146.0,Diesel,145.0,55.4,2.1
 C Class,2015.0,16440,Semi-Auto,29286.0,Diesel,20.0,64.2,2.1
 C Class,2019.0,44990,Automatic,1474.0,Petrol,145.0,29.1,3.0
 E Class,2019.0,36998,Semi-Auto,5211.0,Diesel,145.0,70.6,2.0
 A Class,2020.0,25490,Semi-Auto,2000.0,Petrol,145.0,45.6,2.0
 S Class,2015.0,38980,Automatic,11000.0,Petrol,270.0,33.2,4.7
 A Class,2019.0,19990,Semi-Auto,9980.0,Diesel,145.0,67.3,1.5
 GLC Class,2019.0,33729,Automatic,11301.0,Diesel,145.0,56.5,2.1
 GLC Class,2017.0,25800,Semi-Auto,15334.0,Diesel,145.0,56.5,2.1
 C Class,2019.0,28660,Automatic,1610.0,Diesel,145.0,57.7,2.0
 C Class,2017.0,25798,Semi-Auto,9676.0,Diesel,145.0,65.7,2.1
 C Class,2014.0,12998,Semi-Auto,52712.0,Diesel,20.0,64.2,2.1
 CL Class,2015.0,17995,Automatic,41100.0,Diesel,20.0,67.3,2.1
 E Class,2019.0,38998,Semi-Auto,378.0,Diesel,145.0,57.7,2.0
 X-CLASS,2020.0,31991,Automatic,303.0,Diesel,265.0,35.8,2.3
 C Class,2019.0,29998,Semi-Auto,28000.0,Petrol,145.0,44.1,2.0
 CLS Class,2017.0,26166,Automatic,9165.0,Diesel,150.0,51.4,3.0
 A Class,2018.0,18995,Semi-Auto,13189.0,Petrol,145.0,52.3,1.6
 A Class,2016.0,14521,Manual,35005.0,Diesel,30.0,62.8,2.1
 CL Class,2014.0,17660,Semi-Auto,25237.0,Diesel,30.0,62.8,2.1
 V Class,2018.0,19998,Manual,23183.0,Diesel,145.0,46.3,2.1
 A Class,2020.0,24107,Automatic,3500.0,Diesel,145.0,62.8,1.5
 GLC Class,2016.0,20998,Semi-Auto,37045.0,Diesel,125.0,56.5,2.1
 GL Class,2007.0,7340,Automatic,104000.0,Diesel,570.0,28.8,3.0
 CL Class,2020.0,29999,Semi-Auto,1100.0,Petrol,145.0,44.8,1.3
 C Class,2019.0,30495,Semi-Auto,8771.0,Petrol,145.0,44.1,2.0
 C Class,2017.0,23495,Semi-Auto,23033.0,Diesel,30.0,65.7,2.1
 GLC Class,2016.0,23998,Semi-Auto,42809.0,Diesel,125.0,56.5,2.1
 A Class,2018.0,18250,Semi-Auto,22239.0,Petrol,145.0,52.3,1.6
 E Class,2019.0,35990,Semi-Auto,5526.0,Diesel,145.0,70.6,2.0
 A Class,2016.0,15291,Semi-Auto,10730.0,Diesel,20.0,70.6,2.1
 A Class,2017.0,18498,Semi-Auto,15478.0,Petrol,145.0,53.3,1.6
 GL Class,2014.0,24498,Automatic,67833.0,Diesel,325.0,35.3,3.0
 E Class,2017.0,19498,Semi-Auto,49866.0,Diesel,150.0,65.7,2.0
 SL CLASS,2019.0,64998,Semi-Auto,313.0,Petrol,145.0,31.4,4.7
 E Class,2017.0,19498,Semi-Auto,47007.0,Diesel,30.0,65.7,2.0
 A Class,2019.0,22596,Automatic,5382.0,Diesel,145.0,62.8,1.5
 A Class,2018.0,18990,Semi-Auto,17423.0,Diesel,145.0,67.3,1.5
 CLS Class,2016.0,22998,Semi-Auto,34544.0,Diesel,165.0,49.6,3.0
 GLC Class,2016.0,28995,Semi-Auto,31600.0,Diesel,145.0,56.5,2.1
 GLC Class,2017.0,23998,Semi-Auto,39647.0,Diesel,125.0,56.5,2.1
 A Class,2017.0,15840,Manual,24814.0,Diesel,145.0,62.8,2.1
 M Class,2008.0,5990,Automatic,110000.0,Diesel,555.0,28.8,3.0
 A Class,2019.0,18241,Automatic,15722.0,Diesel,145.0,65.7,1.5
 A Class,2019.0,21840,Semi-Auto,10904.0,Diesel,145.0,67.3,1.5
 A Class,2020.0,28128,Automatic,2563.0,Petrol,145.0,47.9,1.3
 A Class,2017.0,15750,Semi-Auto,21000.0,Diesel,145.0,74.3,1.5
 B Class,2017.0,15998,Semi-Auto,21306.0,Diesel,145.0,68.9,2.1
 C Class,2017.0,20998,Semi-Auto,42036.0,Diesel,20.0,67.3,2.1
 A Class,2017.0,27490,Semi-Auto,31775.0,Petrol,145.0,40.9,2.0
 A Class,2019.0,19990,Semi-Auto,12456.0,Petrol,145.0,53.3,1.3
 A Class,2019.0,20990,Manual,2158.0,Petrol,145.0,47.1,1.3
 S Class,2017.0,27498,Semi-Auto,39872.0,Diesel,145.0,50.4,3.0
 C Class,2016.0,14965,Semi-Auto,30487.0,Diesel,20.0,65.7,2.1
 GLB Class,2020.0,36995,Semi-Auto,1500.0,Diesel,145.0,44.8,2.0
 S Class,2016.0,24880,Automatic,75000.0,Other,190.0,42.4,3.5
 CL Class,2015.0,17863,Semi-Auto,14360.0,Diesel,20.0,62.8,2.1
 GLA Class,2016.0,17997,Semi-Auto,29217.0,Diesel,125.0,56.5,2.1
 C Class,2007.0,3790,Automatic,99000.0,Petrol,555.0,28.8,2.5
 E Class,2013.0,9495,Semi-Auto,82312.0,Diesel,145.0,55.4,2.1
 E Class,2018.0,26499,Semi-Auto,17131.0,Diesel,145.0,57.7,2.0
 GLC Class,2019.0,31990,Automatic,7977.0,Diesel,145.0,56.5,2.1
 A Class,2020.0,23999,Semi-Auto,2300.0,Petrol,145.0,53.3,1.3
 CL Class,2017.0,20780,Automatic,23099.0,Diesel,145.0,67.3,2.1
 GLC Class,2017.0,25498,Semi-Auto,17967.0,Diesel,150.0,56.5,2.1
 GLA Class,2018.0,20990,Semi-Auto,18166.0,Diesel,145.0,56.5,2.1
 C Class,2017.0,19998,Semi-Auto,23690.0,Diesel,125.0,58.9,2.1
 C Class,2015.0,12590,Semi-Auto,65000.0,Diesel,150.0,53.3,2.1
 GLA Class,2016.0,18485,Semi-Auto,27931.0,Diesel,125.0,56.5,2.1
 GLE Class,2018.0,39999,Semi-Auto,24624.0,Petrol,145.0,32.8,3.0
 E Class,2016.0,19498,Semi-Auto,36107.0,Diesel,160.0,51.4,3.0
 A Class,2019.0,20130,Semi-Auto,5263.0,Petrol,145.0,53.3,1.3
 C Class,2019.0,29999,Semi-Auto,4843.0,Diesel,145.0,57.7,2.0
 GLC Class,2017.0,27998,Semi-Auto,30459.0,Diesel,145.0,56.5,2.1
 GL Class,2016.0,35371,Automatic,14253.0,Diesel,325.0,36.2,3.0
 E Class,2017.0,21998,Semi-Auto,20044.0,Diesel,145.0,61.4,2.0
 SLK,2013.0,10495,Semi-Auto,18105.0,Diesel,150.0,56.5,2.0
 C Class,2019.0,24950,Automatic,7006.0,Petrol,145.0,47.1,1.5
 B Class,2015.0,12998,Semi-Auto,26125.0,Diesel,20.0,67.3,1.5
 GLE Class,2019.0,45990,Semi-Auto,9600.0,Diesel,145.0,36.7,3.0
 C Class,2014.0,11290,Automatic,48000.0,Diesel,145.0,56.5,2.1
 GLE Class,2017.0,28998,Semi-Auto,31322.0,Diesel,145.0,42.8,3.0
 E Class,2016.0,21990,Automatic,32266.0,Diesel,160.0,51.4,3.0
 SLK,2013.0,11991,Semi-Auto,37411.0,Diesel,150.0,56.5,2.0
 A Class,2018.0,19995,Semi-Auto,2348.0,Petrol,145.0,53.3,1.3
 GLC Class,2016.0,23498,Semi-Auto,46259.0,Diesel,125.0,56.5,2.1
 CL Class,2015.0,17498,Manual,15557.0,Petrol,125.0,50.4,1.6
 GLC Class,2017.0,27950,Automatic,22244.0,Diesel,145.0,56.5,2.1
 S Class,2015.0,24998,Semi-Auto,29036.0,Diesel,160.0,50.4,3.0
 A Class,2017.0,15499,Semi-Auto,18138.0,Petrol,125.0,53.3,1.6
 A Class,2019.0,22730,Automatic,1521.0,Diesel,145.0,56.5,2.0
 C Class,2017.0,18495,Semi-Auto,41857.0,Diesel,145.0,61.4,2.1
 V Class,2018.0,35995,Automatic,7000.0,Diesel,145.0,45.6,2.2
 E Class,2017.0,22998,Semi-Auto,9926.0,Diesel,150.0,65.7,2.0
 GLC Class,2017.0,24695,Semi-Auto,33620.0,Diesel,145.0,56.5,2.1
 GLA Class,2017.0,19750,Automatic,15258.0,Diesel,30.0,64.2,2.1
 C Class,2013.0,11998,Semi-Auto,31706.0,Diesel,145.0,53.3,2.1
 GLE Class,2017.0,26600,Automatic,33848.0,Diesel,145.0,42.8,3.0
 A Class,2019.0,21450,Semi-Auto,11597.0,Diesel,145.0,67.3,1.5
 C Class,2019.0,27698,Semi-Auto,14999.0,Diesel,145.0,55.4,2.0
 CLS Class,2016.0,21398,Semi-Auto,34056.0,Diesel,160.0,51.4,3.0
 E Class,2019.0,40998,Semi-Auto,1255.0,Diesel,145.0,49.6,2.0
 GLA Class,2018.0,21999,Semi-Auto,17306.0,Diesel,145.0,56.5,2.1
 GLC Class,2017.0,24790,Semi-Auto,28894.0,Diesel,145.0,56.5,2.1
 E Class,2016.0,18998,Semi-Auto,32107.0,Diesel,160.0,52.3,3.0
 C Class,2018.0,22880,Semi-Auto,23061.0,Diesel,145.0,67.3,2.1
 C Class,2017.0,21595,Semi-Auto,12648.0,Diesel,145.0,67.3,2.1
 C Class,2015.0,12495,Semi-Auto,50374.0,Diesel,20.0,65.7,2.1
 GLA Class,2014.0,15498,Semi-Auto,53000.0,Diesel,145.0,55.4,2.1
 E Class,2016.0,15790,Semi-Auto,43280.0,Diesel,125.0,56.5,2.1
 C Class,2017.0,24998,Semi-Auto,28234.0,Petrol,160.0,43.5,2.0
 E Class,2017.0,19498,Semi-Auto,54028.0,Diesel,150.0,65.7,2.0
 E Class,2016.0,17498,Semi-Auto,54502.0,Diesel,20.0,72.4,2.0
 C Class,2017.0,23791,Semi-Auto,17263.0,Diesel,30.0,65.7,2.1
 CL Class,2014.0,15990,Semi-Auto,45559.0,Diesel,30.0,62.8,2.1
 C Class,2016.0,13691,Semi-Auto,36538.0,Diesel,30.0,65.7,1.6
 B Class,2013.0,8200,Manual,54257.0,Diesel,30.0,61.4,1.5
 C Class,2018.0,22998,Semi-Auto,18739.0,Diesel,150.0,60.1,2.1
 A Class,2014.0,12998,Manual,39558.0,Diesel,20.0,70.6,1.5
 C Class,2018.0,21990,Semi-Auto,1871.0,Petrol,145.0,44.1,1.5
 GLC Class,2017.0,24998,Semi-Auto,53351.0,Diesel,145.0,56.5,2.1
 E Class,2017.0,22970,Semi-Auto,22699.0,Diesel,145.0,70.6,2.0
 A Class,2013.0,10630,Semi-Auto,52214.0,Diesel,30.0,65.7,1.8
 C Class,2014.0,25885,Semi-Auto,37000.0,Petrol,570.0,23.5,6.2
 GLA Class,2015.0,15998,Semi-Auto,38858.0,Diesel,20.0,67.3,2.1
 S Class,2012.0,10948,Automatic,107000.0,Petrol,265.0,36.7,3.5
 C Class,2019.0,41880,Automatic,151.0,Petrol,145.0,29.7,3.0
 GLC Class,2018.0,27990,Semi-Auto,21734.0,Diesel,150.0,56.5,2.1
 A Class,2013.0,14990,Automatic,26038.0,Petrol,160.0,44.1,2.0
 M Class,2013.0,15200,Semi-Auto,61363.0,Diesel,200.0,44.8,2.1
 C Class,2018.0,26625,Automatic,7175.0,Diesel,145.0,57.7,2.0
 C Class,2018.0,19991,Semi-Auto,20027.0,Diesel,150.0,60.1,2.1
 GLC Class,2018.0,28499,Semi-Auto,25861.0,Diesel,145.0,56.5,2.1
 C Class,2016.0,16998,Automatic,59208.0,Other,0.0,76.4,2.1
 CLS Class,2016.0,19770,Automatic,27167.0,Diesel,125.0,57.7,2.1
 GLE Class,2019.0,54498,Semi-Auto,6279.0,Diesel,145.0,32.8,3.0
 B Class,2019.0,19998,Semi-Auto,14922.0,Petrol,145.0,45.6,1.3
 SLK,2013.0,10698,Semi-Auto,66282.0,Diesel,145.0,56.5,2.0
 GLE Class,2017.0,29498,Semi-Auto,22501.0,Diesel,200.0,47.9,2.1
 C Class,2019.0,27000,Semi-Auto,6406.0,Diesel,145.0,64.2,2.0
 E Class,2017.0,20998,Semi-Auto,21352.0,Diesel,20.0,72.4,2.0
 C Class,2017.0,18498,Semi-Auto,26179.0,Diesel,145.0,60.1,2.1
 C Class,2016.0,18350,Semi-Auto,59625.0,Diesel,30.0,64.2,2.1
 A Class,2019.0,21991,Semi-Auto,9389.0,Petrol,145.0,28.5,1.3
 GLC Class,2016.0,23245,Semi-Auto,21210.0,Diesel,125.0,56.5,2.1
 C Class,2019.0,24736,Semi-Auto,10605.0,Diesel,145.0,64.2,2.0
 CL Class,2015.0,18498,Semi-Auto,18982.0,Diesel,20.0,67.3,2.1
 E Class,2014.0,9500,Semi-Auto,80084.0,Diesel,30.0,58.9,2.1
 CLS Class,2019.0,46495,Semi-Auto,5524.0,Diesel,145.0,47.9,2.9
 C Class,2014.0,26998,Semi-Auto,24175.0,Petrol,570.0,23.5,6.2
 CL Class,2020.0,31499,Semi-Auto,1500.0,Petrol,145.0,44.1,1.3
 V Class,2018.0,19498,Manual,21525.0,Diesel,145.0,46.3,2.1
 C Class,2016.0,18700,Semi-Auto,33237.0,Diesel,125.0,58.9,2.1
 E Class,2016.0,18037,Semi-Auto,25593.0,Diesel,125.0,58.9,2.1
 SL CLASS,2017.0,22498,Semi-Auto,11534.0,Diesel,145.0,70.6,2.1
 E Class,2007.0,4880,Automatic,58000.0,Diesel,315.0,37.2,3.0
 E Class,2014.0,15998,Semi-Auto,43125.0,Diesel,200.0,45.6,3.0
 C Class,2016.0,19991,Semi-Auto,35975.0,Diesel,20.0,67.3,2.1
 C Class,2017.0,16595,Automatic,29814.0,Diesel,20.0,65.7,2.1
 C Class,2019.0,29999,Semi-Auto,1683.0,Diesel,145.0,55.4,2.0
 CLS Class,2016.0,21498,Semi-Auto,35474.0,Diesel,165.0,51.4,3.0
 M Class,2013.0,16770,Semi-Auto,41366.0,Diesel,300.0,39.2,3.0
 GLS Class,2017.0,43498,Semi-Auto,7517.0,Diesel,145.0,37.2,3.0
 GLC Class,2016.0,18990,Semi-Auto,70560.0,Diesel,125.0,56.5,2.1
 B Class,2017.0,15480,Automatic,23290.0,Diesel,20.0,68.9,2.1
 A Class,2017.0,16980,Manual,15734.0,Diesel,145.0,62.8,2.1
 GLC Class,2017.0,29991,Semi-Auto,22489.0,Diesel,150.0,56.5,2.1
 E Class,2016.0,19698,Semi-Auto,42334.0,Diesel,30.0,65.7,2.0
 C Class,2018.0,29498,Semi-Auto,6265.0,Diesel,145.0,54.3,2.0
 A Class,2014.0,10998,Semi-Auto,58500.0,Diesel,30.0,65.7,1.8
 C Class,2017.0,22170,Semi-Auto,19155.0,Diesel,145.0,67.3,2.1
 A Class,2017.0,16798,Manual,24388.0,Diesel,20.0,68.9,1.5
 A Class,2019.0,19990,Manual,14210.0,Petrol,145.0,28.5,1.3
 SL CLASS,2016.0,18998,Semi-Auto,29302.0,Diesel,30.0,70.6,2.1
 E Class,2016.0,19498,Semi-Auto,23791.0,Diesel,125.0,56.5,2.1
 SLK,2005.0,5200,Automatic,63000.0,Petrol,325.0,32.1,1.8
 C Class,2019.0,22498,Semi-Auto,10455.0,Petrol,145.0,46.3,1.5
 GLA Class,2015.0,13485,Semi-Auto,72000.0,Diesel,150.0,55.4,2.1
 A Class,2019.0,20450,Manual,8428.0,Petrol,145.0,28.5,1.3
 C Class,2016.0,14495,Automatic,50995.0,Diesel,30.0,64.2,1.6
 GLA Class,2015.0,17498,Semi-Auto,25909.0,Diesel,125.0,56.5,2.1
 GLB Class,2020.0,35400,Semi-Auto,2000.0,Diesel,145.0,46.3,2.0
 GLE Class,2020.0,48995,Automatic,3000.0,Diesel,145.0,36.7,2.0
 A Class,2020.0,21750,Manual,4001.0,Petrol,145.0,47.1,1.3
 A Class,2019.0,18718,Semi-Auto,14825.0,Diesel,145.0,68.9,1.5
 GLA Class,2016.0,15998,Manual,40974.0,Diesel,30.0,64.2,2.1
 E Class,2019.0,24999,Semi-Auto,13423.0,Diesel,145.0,72.4,2.0
 A Class,2017.0,17498,Semi-Auto,16244.0,Diesel,145.0,74.3,1.5
 E Class,2018.0,32498,Semi-Auto,9252.0,Petrol,145.0,33.6,3.0
 CLA Class,2017.0,18790,Automatic,8423.0,Diesel,150.0,67.3,2.1
 A Class,2018.0,19097,Semi-Auto,9753.0,Petrol,145.0,53.3,1.3
 GLC Class,2017.0,24998,Semi-Auto,44847.0,Diesel,125.0,56.5,2.1
 A Class,2017.0,16498,Semi-Auto,37010.0,Diesel,145.0,68.9,2.1
 A Class,2015.0,13109,Semi-Auto,24091.0,Diesel,20.0,68.9,2.1
 A Class,2019.0,17990,Automatic,14783.0,Diesel,145.0,65.7,1.5
 A Class,2014.0,11498,Manual,60321.0,Diesel,20.0,70.6,1.5
 S Class,2015.0,26498,Semi-Auto,27343.0,Diesel,200.0,48.7,3.0
 C Class,2019.0,26427,Automatic,13888.0,Diesel,145.0,55.4,2.0
 A Class,2019.0,18240,Automatic,15806.0,Diesel,145.0,68.9,1.5
 SLK,2015.0,14298,Semi-Auto,21624.0,Diesel,145.0,56.5,2.0
 C Class,2017.0,23995,Semi-Auto,32800.0,Diesel,30.0,65.7,2.1
 C Class,2019.0,23280,Automatic,3908.0,Petrol,145.0,44.1,1.5
 V Class,2018.0,20498,Manual,21681.0,Diesel,145.0,46.3,2.1
 E Class,2017.0,22890,Automatic,34934.0,Diesel,150.0,61.4,2.0
 A Class,2018.0,18998,Semi-Auto,12386.0,Diesel,145.0,68.9,1.5
 C Class,2016.0,18238,Automatic,44641.0,Diesel,30.0,64.2,2.1
 V Class,2018.0,20498,Manual,25254.0,Diesel,145.0,46.3,2.1
 M Class,2015.0,19995,Semi-Auto,47808.0,Diesel,300.0,39.2,3.0
 GLA Class,2015.0,14498,Manual,41042.0,Diesel,20.0,64.2,2.1
 GLE Class,2017.0,28998,Semi-Auto,18855.0,Diesel,200.0,47.9,2.1
 GLC Class,2017.0,24250,Semi-Auto,24168.0,Diesel,125.0,56.5,2.1
 A Class,2016.0,14490,Manual,33626.0,Petrol,145.0,49.6,1.6
 C Class,2016.0,19298,Semi-Auto,27644.0,Diesel,30.0,64.2,2.1
 A Class,2014.0,13998,Semi-Auto,29670.0,Diesel,20.0,68.9,2.1
 GLA Class,2016.0,19495,Automatic,20957.0,Diesel,125.0,56.5,2.1
 C Class,2019.0,32998,Semi-Auto,4500.0,Petrol,145.0,42.2,2.0
 B Class,2014.0,9998,Manual,24510.0,Diesel,30.0,61.4,1.5
 E Class,2016.0,20298,Semi-Auto,25273.0,Diesel,145.0,54.3,3.0
 SL CLASS,2018.0,22914,Automatic,8725.0,Petrol,145.0,47.9,2.0
 GLA Class,2016.0,16130,Semi-Auto,36152.0,Diesel,125.0,56.5,2.1
 C Class,2017.0,21498,Semi-Auto,20981.0,Diesel,30.0,64.2,2.1
 C Class,2019.0,30999,Semi-Auto,7144.0,Diesel,145.0,57.7,2.0
 GLC Class,2018.0,31950,Semi-Auto,34229.0,Diesel,145.0,56.5,2.1
 GLC Class,2017.0,32998,Semi-Auto,29265.0,Petrol,300.0,34.0,3.0
 GLC Class,2016.0,21995,Semi-Auto,28000.0,Diesel,125.0,56.5,2.1
 S Class,2019.0,48998,Semi-Auto,375.0,Diesel,145.0,52.3,3.0
 C Class,2017.0,17998,Semi-Auto,59858.0,Diesel,145.0,64.2,2.1
 C Class,2017.0,15690,Semi-Auto,35488.0,Diesel,20.0,65.7,2.1
 S Class,2016.0,26498,Semi-Auto,36121.0,Diesel,200.0,47.9,3.0
 V Class,2018.0,20998,Manual,22740.0,Diesel,145.0,46.3,2.1
 CL Class,2015.0,15995,Semi-Auto,37544.0,Petrol,125.0,51.4,1.6
 B Class,2017.0,13499,Manual,22926.0,Diesel,20.0,68.9,1.5
 M Class,2015.0,18495,Semi-Auto,71000.0,Diesel,200.0,46.3,2.1
 C Class,2016.0,14498,Manual,21945.0,Petrol,125.0,53.3,2.0
 GLC Class,2019.0,38999,Semi-Auto,9487.0,Diesel,145.0,40.9,2.0
 S Class,2014.0,41980,Automatic,26000.0,Petrol,555.0,28.0,5.5
 C Class,2019.0,21497,Semi-Auto,3539.0,Diesel,145.0,64.2,1.6
 GLA Class,2018.0,19990,Semi-Auto,24508.0,Petrol,145.0,48.7,1.6
 C Class,2017.0,13587,Semi-Auto,61305.0,Diesel,150.0,65.7,1.6
 C Class,2019.0,28990,Semi-Auto,2000.0,Diesel,145.0,57.7,2.0
 GLC Class,2016.0,22498,Semi-Auto,25220.0,Diesel,125.0,56.5,2.1
 A Class,2013.0,9995,Semi-Auto,47000.0,Diesel,20.0,68.9,1.8
 B Class,2015.0,10991,Semi-Auto,50501.0,Diesel,20.0,68.9,2.1
 E Class,2017.0,20998,Semi-Auto,27671.0,Diesel,145.0,72.4,2.0
 E Class,2015.0,17698,Semi-Auto,27622.0,Diesel,145.0,54.3,3.0
 A Class,2017.0,18890,Automatic,7875.0,Petrol,150.0,53.3,1.6
 GLE Class,2017.0,25498,Semi-Auto,35725.0,Diesel,200.0,47.9,2.1
 GLA Class,2015.0,17998,Semi-Auto,42942.0,Petrol,200.0,42.8,2.0
 C Class,2017.0,18499,Semi-Auto,28480.0,Diesel,30.0,64.2,1.6
 A Class,2020.0,26499,Semi-Auto,2600.0,Petrol,145.0,53.3,1.3
 E Class,2015.0,19498,Semi-Auto,26999.0,Diesel,160.0,51.4,3.0
 CLS Class,2018.0,34990,Automatic,18837.0,Diesel,150.0,47.9,2.9
 GLC Class,2019.0,35490,Automatic,2644.0,Diesel,145.0,40.9,2.0
 B Class,2019.0,21394,Automatic,9573.0,Petrol,145.0,45.6,1.3
 C Class,2020.0,31790,Automatic,3500.0,Petrol,145.0,64.2,2.0
 C Class,2014.0,14490,Semi-Auto,31801.0,Diesel,20.0,64.2,2.1
 GLA Class,2017.0,17299,Semi-Auto,27775.0,Diesel,145.0,67.3,2.1
 C Class,2016.0,15220,Semi-Auto,39656.0,Diesel,20.0,65.7,2.1
 E Class,2018.0,22499,Semi-Auto,26695.0,Diesel,145.0,65.7,2.0
 E Class,2015.0,17998,Semi-Auto,34464.0,Diesel,145.0,53.3,3.0
 V Class,2018.0,19998,Manual,27222.0,Diesel,145.0,46.3,2.1
 GLE Class,2018.0,29990,Semi-Auto,15523.0,Diesel,145.0,42.8,3.0
 GLE Class,2017.0,31998,Semi-Auto,30227.0,Diesel,300.0,39.2,3.0
 GL Class,2015.0,34129,Automatic,13581.0,Diesel,330.0,36.2,3.0
 C Class,2019.0,19999,Semi-Auto,14360.0,Petrol,150.0,46.3,1.5
 A Class,2019.0,19999,Manual,7709.0,Petrol,150.0,28.5,1.3
 C Class,2019.0,28980,Automatic,5500.0,Diesel,145.0,60.1,2.0
 E Class,2019.0,22990,Semi-Auto,14107.0,Diesel,145.0,72.4,2.0
 A Class,2016.0,14999,Semi-Auto,22433.0,Diesel,20.0,74.3,1.5
 B Class,2017.0,12498,Manual,29559.0,Diesel,20.0,68.9,1.5
 A Class,2017.0,15498,Manual,35295.0,Diesel,20.0,68.9,1.5
 GLE Class,2017.0,30298,Semi-Auto,12805.0,Diesel,150.0,47.9,2.1
 GLA Class,2016.0,17462,Semi-Auto,24412.0,Diesel,30.0,64.2,2.1
 CLS Class,2015.0,19298,Semi-Auto,35866.0,Diesel,160.0,49.6,3.0
 B Class,2015.0,11991,Semi-Auto,59492.0,Diesel,20.0,67.3,2.1
 GLE Class,2015.0,21967,Semi-Auto,47430.0,Diesel,200.0,47.9,2.1
 E Class,2019.0,39950,Semi-Auto,9200.0,Diesel,145.0,72.4,2.0
 GLC Class,2016.0,24995,Automatic,40343.0,Diesel,125.0,56.5,2.1
 A Class,2018.0,23498,Semi-Auto,5189.0,Petrol,150.0,53.3,1.3
 GL Class,2007.0,8490,Automatic,74000.0,Diesel,570.0,28.8,3.0
 C Class,2016.0,14450,Semi-Auto,34000.0,Diesel,20.0,65.7,2.1
 C Class,2018.0,20489,Semi-Auto,16900.0,Diesel,145.0,61.4,2.1
 GLA Class,2015.0,17498,Semi-Auto,30154.0,Diesel,125.0,55.4,2.1
 C Class,2019.0,24998,Semi-Auto,15536.0,Petrol,145.0,47.1,1.5
 B Class,2014.0,9998,Semi-Auto,16378.0,Diesel,20.0,68.9,1.5
 E Class,2017.0,20498,Semi-Auto,20195.0,Diesel,20.0,72.4,2.0
 B Class,2017.0,17513,Automatic,14128.0,Diesel,150.0,68.9,2.1
 A Class,2019.0,18499,Semi-Auto,16467.0,Diesel,145.0,65.7,1.5
 C Class,2015.0,16998,Semi-Auto,66796.0,Other,0.0,74.3,2.1
 SL CLASS,2016.0,19998,Semi-Auto,27801.0,Petrol,145.0,47.9,2.0
 E Class,2019.0,44999,Semi-Auto,5500.0,Petrol,145.0,29.7,3.0
 A Class,2019.0,20991,Semi-Auto,2513.0,Diesel,145.0,65.7,1.5
 A Class,2019.0,20998,Semi-Auto,6354.0,Diesel,145.0,65.7,1.5
 E Class,2010.0,6980,Manual,79000.0,Petrol,300.0,35.3,1.8
 A Class,2020.0,25990,Semi-Auto,2000.0,Petrol,145.0,47.9,1.3
 GLC Class,2017.0,29998,Semi-Auto,23326.0,Diesel,150.0,56.5,2.1
 C Class,2016.0,23920,Automatic,18865.0,Diesel,30.0,65.7,2.1
 GLE Class,2017.0,27692,Semi-Auto,29548.0,Diesel,260.0,42.8,3.0
 C Class,2017.0,18995,Automatic,11800.0,Diesel,145.0,61.4,2.1
 A Class,2014.0,12450,Manual,55253.0,Diesel,30.0,62.8,2.1
 GLE Class,2017.0,30298,Semi-Auto,14786.0,Diesel,200.0,47.9,2.1
 GLC Class,2018.0,30682,Automatic,14517.0,Diesel,145.0,56.5,2.1
 A Class,2019.0,21990,Automatic,6954.0,Diesel,145.0,67.3,1.5
 A Class,2019.0,18904,Semi-Auto,7848.0,Diesel,145.0,68.9,1.5
 GLA Class,2016.0,17450,Semi-Auto,17626.0,Diesel,30.0,64.2,2.1
 GLA Class,2016.0,19999,Semi-Auto,17344.0,Diesel,125.0,56.5,2.1
 A Class,2018.0,20991,Semi-Auto,19561.0,Petrol,150.0,45.6,2.0
 GLC Class,2019.0,32998,Semi-Auto,12831.0,Diesel,145.0,44.8,2.0
 C Class,2014.0,9891,Semi-Auto,52500.0,Diesel,125.0,57.7,2.1
 GLC Class,2018.0,27590,Semi-Auto,16776.0,Diesel,145.0,56.5,2.1
 C Class,2020.0,28990,Automatic,3458.0,Petrol,145.0,46.3,1.5
 GLC Class,2017.0,27520,Semi-Auto,33590.0,Diesel,145.0,56.5,2.1
 C Class,2018.0,27698,Semi-Auto,10579.0,Diesel,145.0,54.3,2.0
 C Class,2014.0,11791,Semi-Auto,42879.0,Diesel,145.0,53.3,2.1
 CL Class,2014.0,15998,Semi-Auto,42514.0,Diesel,30.0,62.8,2.1
 C Class,2019.0,30055,Automatic,3686.0,Diesel,145.0,54.3,2.0
 A Class,2018.0,17490,Manual,15049.0,Diesel,145.0,62.8,2.1
 GLA Class,2019.0,22375,Automatic,13850.0,Diesel,145.0,67.3,2.1
 C Class,2016.0,14698,Manual,19864.0,Diesel,20.0,70.6,2.1
 C Class,2019.0,28995,Semi-Auto,4099.0,Petrol,145.0,46.3,1.5
 E Class,2019.0,55499,Semi-Auto,2991.0,Petrol,145.0,31.7,3.0
 C Class,2019.0,23990,Automatic,1647.0,Petrol,145.0,45.6,1.5
 CL Class,2018.0,21495,Semi-Auto,8016.0,Petrol,145.0,52.3,1.6
 A Class,2019.0,18118,Automatic,15561.0,Diesel,145.0,68.9,1.5
 M Class,2014.0,16998,Automatic,59812.0,Diesel,300.0,39.2,3.0
 A Class,2017.0,79999,Semi-Auto,13781.0,Petrol,145.0,30.1,4.0
 E Class,2016.0,19501,Semi-Auto,25783.0,Diesel,20.0,67.3,2.0
 E Class,2019.0,49500,Automatic,4250.0,Petrol,145.0,31.7,3.0
 A Class,2019.0,21998,Semi-Auto,11578.0,Petrol,150.0,53.3,1.3
 A Class,2020.0,26980,Automatic,1000.0,Diesel,145.0,62.8,1.5
 C Class,2019.0,24998,Semi-Auto,16103.0,Petrol,145.0,47.1,1.5
 GLC Class,2018.0,31998,Semi-Auto,11605.0,Diesel,145.0,56.5,2.1
 GLC Class,2019.0,34950,Automatic,3100.0,Diesel,145.0,43.5,2.0
 E Class,2019.0,24995,Semi-Auto,8400.0,Diesel,145.0,72.4,2.0
 GLE Class,2016.0,24495,Automatic,32790.0,Diesel,260.0,42.8,3.0
 C Class,2019.0,25950,Automatic,10485.0,Petrol,145.0,47.1,1.5
 C Class,2019.0,24498,Semi-Auto,7937.0,Petrol,150.0,47.1,1.5
 B Class,2015.0,11995,Semi-Auto,41500.0,Diesel,20.0,67.3,1.5
 CL Class,2018.0,18940,Automatic,20000.0,Diesel,150.0,70.6,2.1
 B Class,2019.0,21499,Semi-Auto,14244.0,Petrol,145.0,45.6,1.3
 C Class,2019.0,32498,Semi-Auto,11301.0,Diesel,145.0,61.4,2.0
 C Class,2019.0,24998,Semi-Auto,22400.0,Petrol,145.0,44.1,1.5
 CL Class,2015.0,14990,Manual,35283.0,Petrol,145.0,48.7,1.6
 V Class,2020.0,52999,Semi-Auto,1000.0,Diesel,145.0,36.2,2.0
 GLA Class,2018.0,20810,Automatic,18462.0,Petrol,145.0,42.8,2.0
 A Class,2020.0,24799,Semi-Auto,1400.0,Petrol,145.0,28.5,1.3
 C Class,2017.0,16991,Semi-Auto,29907.0,Diesel,145.0,64.2,2.1
 A Class,2016.0,12456,Manual,49436.0,Diesel,20.0,72.4,1.5
 E Class,2020.0,45990,Semi-Auto,159.0,Diesel,145.0,45.6,3.0
 GLC Class,2020.0,34999,Semi-Auto,2271.0,Diesel,145.0,44.8,2.0
 GLA Class,2015.0,17998,Semi-Auto,25585.0,Diesel,125.0,56.5,2.1
 E Class,2015.0,20769,Automatic,21874.0,Diesel,165.0,51.4,3.0
 A Class,2016.0,15200,Semi-Auto,39057.0,Diesel,20.0,74.3,1.5
 CLS Class,2016.0,19495,Semi-Auto,31532.0,Diesel,125.0,57.7,2.1
 GLE Class,2016.0,30998,Semi-Auto,14149.0,Diesel,235.0,42.8,3.0
 GLC Class,2018.0,32498,Semi-Auto,12517.0,Diesel,145.0,45.6,3.0
 GLC Class,2017.0,20998,Semi-Auto,40949.0,Diesel,125.0,56.5,2.1
 C Class,2016.0,16998,Semi-Auto,26973.0,Diesel,30.0,65.7,1.6
 C Class,2015.0,17450,Semi-Auto,37000.0,Diesel,30.0,64.2,2.1
 C Class,2017.0,18495,Semi-Auto,22994.0,Petrol,145.0,48.7,2.0
 E Class,2019.0,24999,Semi-Auto,13967.0,Diesel,145.0,72.4,2.0
 A Class,2019.0,19840,Automatic,6781.0,Petrol,145.0,28.5,1.3
 C Class,2016.0,21299,Semi-Auto,12249.0,Petrol,150.0,49.6,2.0
 B Class,2019.0,20380,Automatic,14457.0,Petrol,145.0,45.6,1.3
 GLA Class,2017.0,19990,Semi-Auto,14577.0,Diesel,125.0,56.5,2.1
 CL Class,2019.0,24990,Semi-Auto,13501.0,Diesel,145.0,51.4,2.2
 GLA Class,2015.0,16791,Semi-Auto,42328.0,Diesel,145.0,55.4,2.1
 A Class,2016.0,27995,Automatic,13000.0,Petrol,200.0,40.9,2.0
 A Class,2018.0,18927,Semi-Auto,15013.0,Diesel,145.0,65.7,1.5
 V Class,2019.0,20391,Automatic,18812.0,Diesel,150.0,48.7,2.1
 GLC Class,2019.0,32340,Automatic,1303.0,Diesel,145.0,44.8,2.0
 GLE Class,2016.0,25998,Semi-Auto,27307.0,Diesel,200.0,47.9,2.1
 A Class,2018.0,18990,Semi-Auto,12449.0,Petrol,145.0,53.3,1.3
 B Class,2018.0,15500,Manual,6423.0,Diesel,145.0,68.9,1.5
 CLS Class,2015.0,19698,Semi-Auto,44143.0,Diesel,160.0,51.4,3.0
 GLE Class,2017.0,29698,Semi-Auto,22052.0,Diesel,200.0,47.9,2.1
 E Class,2015.0,13000,Semi-Auto,50963.0,Diesel,125.0,61.4,2.1
 A Class,2015.0,11498,Manual,32648.0,Diesel,0.0,74.3,1.5
 C Class,2020.0,29950,Semi-Auto,101.0,Diesel,145.0,48.7,2.0
 C Class,2017.0,19490,Semi-Auto,31326.0,Diesel,125.0,60.1,2.1
 S Class,2017.0,31998,Semi-Auto,20224.0,Diesel,160.0,52.3,3.0
 A Class,2019.0,20991,Semi-Auto,8728.0,Petrol,145.0,53.3,1.3
 E Class,2019.0,29991,Automatic,10356.0,Diesel,145.0,70.6,2.0
 C Class,2018.0,23498,Semi-Auto,5659.0,Petrol,145.0,40.4,2.0
 CL Class,2017.0,20290,Automatic,21386.0,Diesel,20.0,67.3,2.1
 CL Class,2017.0,19290,Semi-Auto,26626.0,Diesel,20.0,67.3,2.1
 C Class,2019.0,26154,Automatic,14696.0,Diesel,145.0,56.5,2.0
 C Class,2018.0,19490,Semi-Auto,11810.0,Diesel,145.0,61.4,2.1
 B Class,2019.0,24950,Automatic,1440.0,Diesel,145.0,55.4,2.0
 C Class,2016.0,16998,Semi-Auto,21786.0,Diesel,20.0,65.7,2.1
 E Class,2015.0,19498,Semi-Auto,17167.0,Diesel,145.0,54.3,3.0
 E Class,2016.0,19990,Semi-Auto,23543.0,Diesel,160.0,51.4,3.0
 B Class,2014.0,7495,Semi-Auto,70122.0,Diesel,20.0,68.9,1.5
 C Class,2019.0,18790,Semi-Auto,14288.0,Diesel,145.0,64.2,2.1
 GLA Class,2016.0,15561,Semi-Auto,71610.0,Diesel,125.0,56.6,2.1
 C Class,2019.0,28524,Automatic,8263.0,Diesel,145.0,57.7,2.0
 GLA Class,2017.0,17997,Automatic,21298.0,Diesel,145.0,56.5,2.1
 A Class,2019.0,20461,Semi-Auto,14658.0,Petrol,145.0,53.3,1.3
 A Class,2018.0,20570,Semi-Auto,1468.0,Petrol,145.0,53.3,1.3
 GLA Class,2018.0,18950,Semi-Auto,11577.0,Diesel,145.0,67.3,2.1
 C Class,2018.0,19950,Semi-Auto,33082.0,Diesel,145.0,64.2,2.1
 G Class,2016.0,73948,Automatic,4000.0,Petrol,325.0,30.1,4.0
 A Class,2019.0,18499,Semi-Auto,17160.0,Diesel,145.0,65.7,1.5
 C Class,2019.0,28400,Semi-Auto,1287.0,Diesel,145.0,56.5,2.0
 E Class,2015.0,19698,Semi-Auto,23578.0,Diesel,150.0,54.3,3.0
 GLE Class,2017.0,36995,Semi-Auto,15154.0,Diesel,300.0,39.2,3.0
 CL Class,2017.0,20370,Automatic,17050.0,Diesel,145.0,67.3,2.1
 C Class,2015.0,16998,Semi-Auto,43883.0,Diesel,125.0,60.1,2.1
 A Class,2019.0,18499,Semi-Auto,18585.0,Diesel,145.0,65.7,1.5
 GLA Class,2017.0,19340,Semi-Auto,21425.0,Diesel,145.0,56.5,2.1
 C Class,2016.0,20991,Semi-Auto,26205.0,Diesel,125.0,58.9,2.1
 C Class,2016.0,15498,Semi-Auto,73582.0,Diesel,30.0,61.4,2.1
 A Class,2013.0,9498,Manual,80158.0,Diesel,30.0,62.8,1.8
 A Class,2018.0,21998,Semi-Auto,15450.0,Petrol,150.0,53.3,1.3
 S Class,2016.0,28498,Semi-Auto,30135.0,Diesel,200.0,47.9,3.0
 C Class,2016.0,17595,Automatic,28192.0,Diesel,30.0,64.2,2.1
 CLC Class,2010.0,5880,Automatic,40000.0,Petrol,300.0,34.0,1.8
 M Class,2015.0,21498,Semi-Auto,44984.0,Diesel,300.0,39.2,3.0
 CLS Class,2013.0,11991,Semi-Auto,85967.0,Diesel,200.0,46.3,3.0
 GLC Class,2017.0,33990,Semi-Auto,45129.0,Petrol,145.0,34.0,3.0
 C Class,2019.0,25990,Semi-Auto,11728.0,Diesel,145.0,56.5,2.0
 V Class,2018.0,20498,Manual,20138.0,Diesel,145.0,46.3,2.1
 C Class,2019.0,25495,Semi-Auto,5947.0,Petrol,145.0,42.2,1.6
 A Class,2017.0,13790,Manual,18332.0,Petrol,125.0,51.4,1.6
 E Class,2019.0,24498,Semi-Auto,15316.0,Diesel,145.0,72.4,2.0
 C Class,2015.0,16798,Semi-Auto,32409.0,Diesel,30.0,64.2,2.1
 C Class,2014.0,10995,Manual,98000.0,Diesel,20.0,68.9,2.1
 C Class,2014.0,15701,Automatic,20498.0,Diesel,20.0,64.2,2.1
 GLC Class,2018.0,36850,Automatic,4841.0,Petrol,145.0,34.0,3.0
 A Class,2017.0,15787,Automatic,24092.0,Diesel,20.0,70.6,2.1
 E Class,2017.0,20480,Semi-Auto,30567.0,Diesel,145.0,65.7,2.0
 A Class,2019.0,19599,Manual,13993.0,Petrol,145.0,28.5,1.3
 GLA Class,2018.0,23499,Semi-Auto,9979.0,Diesel,150.0,56.5,2.1
 E Class,2016.0,21498,Semi-Auto,29833.0,Diesel,160.0,51.4,3.0
 C Class,2017.0,24735,Semi-Auto,22369.0,Diesel,145.0,61.4,2.1
 M Class,2013.0,16300,Semi-Auto,57367.0,Diesel,200.0,44.8,2.1
 A Class,2019.0,19511,Semi-Auto,10543.0,Diesel,145.0,68.9,1.5
 CL Class,2015.0,19998,Semi-Auto,29682.0,Diesel,20.0,62.8,2.1
 C Class,2017.0,20995,Semi-Auto,33000.0,Diesel,145.0,58.9,2.1
 M Class,2013.0,15880,Semi-Auto,62791.0,Diesel,300.0,39.2,3.0
 E Class,2019.0,23690,Semi-Auto,14077.0,Diesel,145.0,72.4,2.0
 GLE Class,2017.0,26998,Semi-Auto,47120.0,Diesel,200.0,47.9,2.1
 S Class,2015.0,29995,Automatic,17700.0,Diesel,200.0,48.7,3.0
 GLA Class,2016.0,17999,Semi-Auto,33086.0,Diesel,125.0,56.5,2.1
 V Class,2018.0,19498,Manual,29723.0,Diesel,145.0,46.3,2.1
 C Class,2017.0,14990,Semi-Auto,27424.0,Diesel,145.0,65.7,2.1
 C Class,2019.0,30950,Automatic,101.0,Diesel,145.0,55.4,2.0
 A Class,2018.0,29990,Semi-Auto,22923.0,Petrol,150.0,40.9,2.0
 GLC Class,2017.0,28699,Semi-Auto,30063.0,Diesel,145.0,56.5,2.1
 GLE Class,2019.0,56800,Automatic,2483.0,Petrol,145.0,29.5,3.0
 A Class,2018.0,20450,Automatic,6511.0,Diesel,150.0,65.7,1.5
 GLA Class,2015.0,19991,Semi-Auto,29087.0,Petrol,200.0,42.8,2.0
 GLC Class,2020.0,39499,Semi-Auto,305.0,Petrol,145.0,32.1,2.0
 X-CLASS,2019.0,37891,Automatic,303.0,Diesel,265.0,31.4,3.0
 GLC Class,2019.0,35998,Semi-Auto,7540.0,Diesel,145.0,40.9,2.0
 GLA Class,2018.0,20550,Semi-Auto,36615.0,Diesel,145.0,56.5,2.1
 C Class,2017.0,23047,Semi-Auto,8143.0,Diesel,145.0,65.7,2.1
 E Class,2017.0,19999,Semi-Auto,27381.0,Diesel,20.0,72.4,2.0
 A Class,2018.0,19097,Semi-Auto,10494.0,Petrol,145.0,53.3,1.3
 GLE Class,2019.0,44990,Automatic,8351.0,Diesel,145.0,32.8,3.0
 S Class,2015.0,27998,Semi-Auto,14158.0,Diesel,200.0,47.9,3.0
 C Class,2016.0,16498,Semi-Auto,37080.0,Diesel,20.0,64.2,2.1
 C Class,2019.0,29498,Semi-Auto,2195.0,Diesel,145.0,61.4,2.0
 B Class,2019.0,16930,Manual,5317.0,Petrol,145.0,49.6,1.6
 GLA Class,2017.0,19890,Semi-Auto,22693.0,Diesel,125.0,56.5,2.1
 GLE Class,2017.0,31498,Semi-Auto,13718.0,Diesel,145.0,42.8,3.0
 A Class,2015.0,12380,Manual,34119.0,Diesel,20.0,70.6,1.5
 A Class,2019.0,20850,Semi-Auto,12220.0,Petrol,145.0,53.3,1.3
 A Class,2014.0,10498,Manual,63177.0,Diesel,30.0,64.2,2.1
 GLE Class,2016.0,29995,Automatic,27700.0,Diesel,200.0,47.9,2.1
 B Class,2019.0,22490,Semi-Auto,1378.0,Petrol,145.0,45.6,1.3
 C Class,2017.0,19890,Automatic,30281.0,Diesel,150.0,60.1,2.1
 CL Class,2019.0,25640,Semi-Auto,10866.0,Diesel,145.0,51.4,2.2
 C Class,2019.0,28998,Semi-Auto,5116.0,Diesel,145.0,61.4,2.0
 A Class,2019.0,20950,Semi-Auto,4692.0,Diesel,145.0,65.7,1.3
 C Class,2016.0,15699,Semi-Auto,30301.0,Diesel,20.0,65.7,2.1
 E Class,2019.0,39999,Automatic,5000.0,Diesel,145.0,42.8,3.0
 C Class,2015.0,17044,Semi-Auto,48123.0,Diesel,30.0,64.2,2.1
 E Class,2018.0,22699,Semi-Auto,18770.0,Diesel,145.0,67.3,2.0
 A Class,2019.0,24795,Semi-Auto,4499.0,Petrol,145.0,28.5,1.3
 GLC Class,2016.0,22998,Semi-Auto,30162.0,Diesel,125.0,56.5,2.1
 E Class,2019.0,42590,Automatic,12419.0,Petrol,145.0,32.5,3.0
 A Class,2019.0,22998,Semi-Auto,3770.0,Petrol,150.0,53.3,1.3
 CLS Class,2016.0,25077,Automatic,13887.0,Diesel,165.0,49.6,3.0
 CL Class,2014.0,16995,Semi-Auto,37208.0,Diesel,30.0,62.8,2.1
 GLA Class,2019.0,20995,Manual,6587.0,Petrol,145.0,40.9,1.6
 C Class,2014.0,15998,Semi-Auto,26216.0,Diesel,30.0,64.2,2.1
 A Class,2019.0,25701,Automatic,11000.0,Diesel,150.0,56.5,2.0
 GLC Class,2019.0,47484,Automatic,3439.0,Petrol,145.0,27.4,4.0
 C Class,2016.0,17820,Semi-Auto,30748.0,Diesel,20.0,68.9,2.1
 V Class,2016.0,17998,Manual,21981.0,Diesel,200.0,46.3,2.1
 C Class,2019.0,28990,Automatic,2501.0,Diesel,145.0,64.2,2.0
 A Class,2016.0,14495,Semi-Auto,55769.0,Diesel,20.0,68.9,2.1
 S Class,2019.0,54990,Automatic,1501.0,Diesel,145.0,41.5,3.0
 A Class,2013.0,10950,Manual,56000.0,Diesel,20.0,70.6,1.5
 CL Class,2017.0,16490,Manual,32282.0,Petrol,145.0,51.4,1.6
 GLA Class,2016.0,17863,Automatic,28483.0,Diesel,125.0,56.5,2.1
 C Class,2019.0,25795,Semi-Auto,12986.0,Diesel,145.0,58.9,2.0
 A Class,2016.0,11990,Manual,39853.0,Diesel,20.0,72.4,1.5
 A Class,2018.0,19097,Semi-Auto,7844.0,Petrol,145.0,53.3,1.3
 GLS Class,2018.0,41995,Automatic,14718.0,Diesel,145.0,37.2,3.0
 GLC Class,2018.0,24690,Semi-Auto,40422.0,Diesel,145.0,56.5,2.1
 G Class,2015.0,52995,Semi-Auto,34400.0,Diesel,570.0,25.2,3.0
 GLA Class,2016.0,17999,Semi-Auto,35231.0,Diesel,125.0,56.6,2.1
 GLA Class,2017.0,17495,Automatic,45500.0,Diesel,125.0,56.5,2.1
 A Class,2019.0,18085,Semi-Auto,14669.0,Diesel,145.0,68.9,1.5
 GLE Class,2017.0,36999,Semi-Auto,10946.0,Petrol,305.0,32.8,3.0
 A Class,2018.0,18990,Semi-Auto,5020.0,Petrol,145.0,53.3,1.3
 GLE Class,2015.0,24950,Semi-Auto,43800.0,Diesel,200.0,47.9,2.1
 C Class,2014.0,16995,Automatic,37600.0,Diesel,30.0,64.2,2.1
 C Class,2016.0,20990,Semi-Auto,20972.0,Diesel,30.0,64.2,2.1
 A Class,2013.0,15498,Semi-Auto,27415.0,Petrol,160.0,44.1,2.0
 C Class,2016.0,19290,Semi-Auto,17600.0,Diesel,30.0,64.2,2.1
 GLA Class,2020.0,23990,Semi-Auto,2500.0,Petrol,145.0,37.2,1.6
 C Class,2019.0,24510,Automatic,11368.0,Diesel,145.0,58.9,1.6
 A Class,2014.0,12990,Semi-Auto,41362.0,Petrol,145.0,49.6,1.6
 C Class,2017.0,20990,Semi-Auto,19733.0,Petrol,150.0,48.7,2.0
 GL Class,2015.0,30698,Semi-Auto,44902.0,Diesel,325.0,36.2,3.0
 SL CLASS,2010.0,16990,Automatic,18000.0,Petrol,555.0,29.1,3.5
 GLC Class,2020.0,37998,Semi-Auto,5538.0,Diesel,150.0,40.9,2.0
 E Class,2016.0,20298,Semi-Auto,26707.0,Diesel,145.0,54.3,3.0
 GLA Class,2018.0,21795,Semi-Auto,15387.0,Petrol,145.0,48.7,1.6
 B Class,2019.0,20998,Semi-Auto,10713.0,Petrol,145.0,45.6,1.3
 CL Class,2016.0,20995,Semi-Auto,8008.0,Diesel,20.0,67.3,2.1
 CLS Class,2013.0,12210,Automatic,54238.0,Diesel,145.0,54.3,2.1
 CLS Class,2017.0,20999,Semi-Auto,30987.0,Diesel,125.0,57.7,2.1
 CL Class,2016.0,18799,Semi-Auto,19930.0,Diesel,20.0,70.6,2.1
 GLA Class,2016.0,16998,Semi-Auto,30129.0,Diesel,125.0,56.5,2.1
 E Class,2017.0,21950,Automatic,26355.0,Diesel,145.0,65.7,2.0
 GLC Class,2016.0,21998,Semi-Auto,49986.0,Diesel,125.0,56.5,2.1
 C Class,2018.0,20885,Semi-Auto,22773.0,Diesel,145.0,61.4,2.1
 C Class,2017.0,18433,Semi-Auto,34278.0,Diesel,145.0,61.4,2.1
 GLA Class,2018.0,21591,Semi-Auto,11700.0,Diesel,145.0,56.5,2.1
 A Class,2014.0,11990,Manual,61307.0,Diesel,20.0,70.6,1.5
 CL Class,2020.0,27480,Semi-Auto,2459.0,Petrol,145.0,44.1,1.3
 E Class,2017.0,19998,Semi-Auto,52570.0,Diesel,30.0,65.7,2.0
 C Class,2019.0,27595,Semi-Auto,11480.0,Diesel,145.0,56.5,2.0
 SL CLASS,2017.0,20998,Semi-Auto,13526.0,Petrol,145.0,47.9,2.0
 CL Class,2015.0,16498,Manual,25920.0,Petrol,125.0,51.4,1.6
 GLE Class,2017.0,29998,Semi-Auto,15626.0,Diesel,265.0,42.8,3.0
 C Class,2015.0,36990,Automatic,12659.0,Petrol,300.0,34.5,4.0
 E Class,2016.0,19845,Automatic,32741.0,Diesel,30.0,65.7,2.0
 E Class,2016.0,17990,Semi-Auto,34356.0,Diesel,20.0,72.4,2.0
 SL CLASS,2016.0,20498,Semi-Auto,10643.0,Diesel,30.0,70.6,2.1
 E Class,2017.0,21391,Semi-Auto,16654.0,Diesel,145.0,72.4,2.0
 C Class,2019.0,23498,Semi-Auto,19204.0,Diesel,150.0,61.4,2.0
 A Class,2014.0,9500,Manual,66237.0,Diesel,20.0,72.4,1.5
 E Class,2016.0,19498,Semi-Auto,38238.0,Diesel,165.0,52.3,3.0
 C Class,2016.0,19498,Semi-Auto,22803.0,Diesel,30.0,61.4,2.1
 E Class,2016.0,19998,Semi-Auto,18718.0,Diesel,145.0,54.3,3.0
 SL CLASS,2019.0,57995,Automatic,1201.0,Petrol,145.0,29.4,3.0
 GLA Class,2014.0,15495,Semi-Auto,60895.0,Diesel,145.0,55.4,2.1
 C Class,2017.0,19250,Semi-Auto,23523.0,Diesel,125.0,60.1,2.1
 C Class,2015.0,17498,Semi-Auto,42471.0,Other,0.0,76.4,2.1
 C Class,2019.0,25498,Semi-Auto,8150.0,Diesel,145.0,60.1,1.6
 B Class,2014.0,9498,Semi-Auto,40217.0,Diesel,30.0,64.2,1.5
 C Class,2019.0,26890,Semi-Auto,1705.0,Petrol,145.0,42.2,1.6
 GLE Class,2015.0,34998,Semi-Auto,22651.0,Diesel,300.0,39.2,3.0
 GLA Class,2015.0,18998,Semi-Auto,33114.0,Diesel,125.0,56.5,2.1
 A Class,2016.0,15597,Semi-Auto,20866.0,Diesel,20.0,70.6,2.1
 GLC Class,2017.0,24999,Semi-Auto,17706.0,Diesel,125.0,56.5,2.1
 A Class,2016.0,16998,Semi-Auto,29160.0,Diesel,20.0,67.3,2.1
 A Class,2019.0,18190,Semi-Auto,12162.0,Diesel,145.0,65.7,1.5
 E Class,2015.0,20298,Semi-Auto,28056.0,Diesel,160.0,51.4,3.0
 GLE Class,2016.0,28698,Semi-Auto,22707.0,Diesel,200.0,47.9,2.1
 E Class,2015.0,11995,Semi-Auto,75229.0,Diesel,125.0,60.1,2.1
 S Class,2015.0,28498,Semi-Auto,15293.0,Diesel,200.0,48.7,3.0
 C Class,2019.0,28250,Automatic,3477.0,Diesel,145.0,61.4,2.0
 B Class,2019.0,22499,Semi-Auto,1352.0,Petrol,145.0,45.6,1.3
 C Class,2016.0,17998,Manual,26100.0,Diesel,20.0,68.9,2.1
 B Class,2016.0,13291,Semi-Auto,45250.0,Diesel,20.0,68.9,2.1
 C Class,2018.0,31995,Semi-Auto,11300.0,Petrol,150.0,36.2,3.0
 C Class,2018.0,20495,Semi-Auto,24158.0,Diesel,145.0,60.1,2.1
 GLA Class,2015.0,17790,Semi-Auto,30000.0,Diesel,125.0,55.4,2.1
 E Class,2015.0,13527,Automatic,51933.0,Diesel,125.0,61.4,2.1
 A Class,2018.0,17498,Semi-Auto,15316.0,Petrol,145.0,49.6,1.6
 GLA Class,2016.0,17690,Semi-Auto,33242.0,Diesel,125.0,56.5,2.1
 CLS Class,2015.0,17998,Semi-Auto,46725.0,Diesel,145.0,56.5,2.1
 S Class,2015.0,24498,Semi-Auto,28191.0,Diesel,200.0,47.9,3.0
 S Class,2017.0,40990,Semi-Auto,6200.0,Diesel,150.0,52.3,3.0
 S Class,2017.0,34948,Automatic,27000.0,Other,20.0,61.4,2.1
 C Class,2019.0,24433,Automatic,2326.0,Petrol,145.0,46.3,1.5
 C Class,2015.0,14750,Semi-Auto,32594.0,Diesel,20.0,64.2,2.1
 A Class,2016.0,13999,Manual,21396.0,Diesel,20.0,72.4,1.5
 E Class,2016.0,17791,Semi-Auto,35279.0,Diesel,125.0,58.9,2.1
 A Class,2017.0,16979,Manual,11811.0,Diesel,20.0,68.9,1.5
 A Class,2018.0,19097,Semi-Auto,7456.0,Petrol,145.0,53.3,1.3
 GLE Class,2016.0,7750,Semi-Auto,77456.0,Diesel,235.0,42.8,3.0
 GLE Class,2017.0,31498,Semi-Auto,9949.0,Diesel,205.0,47.9,2.1
 C Class,2016.0,16390,Semi-Auto,31360.0,Diesel,20.0,64.2,2.1
 C Class,2014.0,17330,Semi-Auto,32475.0,Diesel,30.0,64.2,2.1
 GLC Class,2018.0,26480,Semi-Auto,10833.0,Diesel,145.0,56.5,2.1
 A Class,2017.0,16190,Manual,33912.0,Diesel,20.0,68.9,1.5
 C Class,2017.0,17789,Semi-Auto,63019.0,Diesel,125.0,61.4,2.1
 A Class,2019.0,19990,Manual,13862.0,Petrol,145.0,28.5,1.3
 E Class,2016.0,18998,Semi-Auto,23951.0,Diesel,125.0,58.9,2.1
 C Class,2013.0,11998,Semi-Auto,30035.0,Petrol,160.0,44.8,1.6
 A Class,2018.0,17990,Semi-Auto,15907.0,Diesel,145.0,65.7,1.5
 GLA Class,2018.0,19495,Semi-Auto,17911.0,Petrol,145.0,50.4,1.6
 C Class,2019.0,36995,Automatic,2749.0,Diesel,145.0,54.3,2.0
 C Class,2020.0,31950,Automatic,2985.0,Diesel,145.0,51.4,2.0
 V Class,2020.0,43950,Semi-Auto,2859.0,Diesel,145.0,36.2,2.0
 A Class,2018.0,18436,Semi-Auto,7756.0,Diesel,145.0,68.9,1.5
 GLA Class,2017.0,19698,Semi-Auto,6631.0,Petrol,150.0,48.7,1.6
 B Class,2014.0,9999,Semi-Auto,53516.0,Diesel,30.0,60.1,1.8
 GLC Class,2016.0,25100,Semi-Auto,27703.0,Diesel,125.0,56.5,2.1
 C Class,2014.0,12750,Semi-Auto,74000.0,Diesel,30.0,62.8,2.1
 A Class,2019.0,18990,Semi-Auto,13145.0,Diesel,145.0,68.9,1.5
 E Class,2017.0,21998,Semi-Auto,19249.0,Diesel,145.0,65.7,2.0
 C Class,2017.0,21999,Semi-Auto,10288.0,Petrol,150.0,47.9,2.0
 CLS Class,2016.0,23998,Semi-Auto,7675.0,Diesel,160.0,49.6,3.0
 A Class,2017.0,15590,Semi-Auto,34553.0,Diesel,145.0,68.9,2.1
 E Class,2017.0,20998,Semi-Auto,16016.0,Diesel,145.0,72.4,2.0
 E Class,2017.0,18660,Semi-Auto,30007.0,Diesel,145.0,72.4,2.0
 C Class,2017.0,18795,Automatic,46294.0,Diesel,20.0,67.3,2.1
 A Class,2014.0,10495,Manual,53954.0,Diesel,20.0,70.6,1.5
 GLC Class,2017.0,23498,Semi-Auto,32902.0,Diesel,125.0,56.5,2.1
 GLE Class,2017.0,29498,Semi-Auto,25542.0,Diesel,260.0,42.8,3.0
 A Class,2019.0,23000,Semi-Auto,7864.0,Petrol,145.0,53.3,1.3
 V Class,2017.0,35995,Semi-Auto,16830.0,Diesel,235.0,44.8,2.2
 GLA Class,2016.0,17991,Semi-Auto,26193.0,Diesel,125.0,56.6,2.1
 GLC Class,2016.0,21295,Semi-Auto,64995.0,Diesel,125.0,56.5,2.1
 GLA Class,2016.0,18998,Semi-Auto,19696.0,Diesel,125.0,56.5,2.1
 A Class,2019.0,18141,Automatic,15689.0,Diesel,145.0,65.7,1.5
 C Class,2019.0,31990,Semi-Auto,4615.0,Diesel,145.0,54.3,2.0
 E Class,2017.0,20498,Semi-Auto,35494.0,Diesel,145.0,61.4,2.0
 C Class,2017.0,17330,Semi-Auto,22684.0,Diesel,145.0,64.2,2.1
 E Class,2017.0,20998,Semi-Auto,17890.0,Diesel,160.0,52.3,3.0
 E Class,2019.0,22990,Semi-Auto,14664.0,Diesel,145.0,72.4,2.0
 CLS Class,2018.0,23995,Semi-Auto,24315.0,Diesel,145.0,57.7,2.1
 C Class,2020.0,67999,Semi-Auto,1500.0,Petrol,145.0,28.0,4.0
 C Class,2017.0,20998,Semi-Auto,16902.0,Diesel,145.0,60.1,2.1
 A Class,2019.0,23498,Semi-Auto,5800.0,Diesel,150.0,65.7,1.5
 E Class,2019.0,22990,Semi-Auto,15956.0,Diesel,145.0,72.4,2.0
 B Class,2018.0,17990,Automatic,6217.0,Diesel,145.0,68.9,2.1
 C Class,2019.0,21998,Semi-Auto,14576.0,Petrol,145.0,46.3,1.5
 CL Class,2015.0,14550,Semi-Auto,30369.0,Diesel,20.0,62.8,2.1
 E Class,2017.0,21690,Semi-Auto,22484.0,Diesel,145.0,65.7,2.0
 CL Class,2015.0,17998,Semi-Auto,28235.0,Diesel,30.0,62.8,2.1
 E Class,2015.0,15637,Automatic,45943.0,Diesel,160.0,51.4,2.1
 E Class,2015.0,18998,Semi-Auto,39530.0,Diesel,145.0,54.3,3.0
 GLS Class,2019.0,54990,Semi-Auto,18717.0,Diesel,145.0,34.0,3.0
 GLC Class,2017.0,24999,Semi-Auto,29897.0,Diesel,125.0,56.5,2.1
 M Class,2014.0,16087,Automatic,70308.0,Diesel,200.0,44.8,2.1
 GLE Class,2017.0,37950,Semi-Auto,20925.0,Diesel,145.0,39.2,3.0
 B Class,2019.0,24616,Automatic,3710.0,Diesel,145.0,55.4,2.0
 CLS Class,2013.0,11998,Semi-Auto,60090.0,Diesel,200.0,46.3,3.0
 E Class,2017.0,20998,Semi-Auto,29816.0,Diesel,145.0,61.4,2.0
 GLE Class,2017.0,31298,Semi-Auto,12122.0,Diesel,145.0,47.9,2.1
 A Class,2019.0,20980,Semi-Auto,9767.0,Petrol,145.0,53.3,1.3
 CL Class,2015.0,17960,Semi-Auto,30741.0,Diesel,20.0,67.3,2.1
 GLC Class,2017.0,25991,Semi-Auto,16008.0,Diesel,145.0,56.5,2.1
 C Class,2016.0,20490,Semi-Auto,10542.0,Petrol,125.0,51.4,2.0
 E Class,2014.0,13998,Semi-Auto,33404.0,Diesel,125.0,58.9,2.1
 E Class,2016.0,16480,Automatic,48889.0,Diesel,125.0,58.9,2.1
 GLA Class,2016.0,19330,Automatic,35425.0,Diesel,125.0,56.5,2.1
 SLK,2014.0,15990,Automatic,43955.0,Petrol,205.0,43.5,1.8
 E Class,2019.0,24491,Semi-Auto,10764.0,Diesel,145.0,72.4,2.0
 C Class,2013.0,9298,Semi-Auto,80485.0,Diesel,145.0,54.3,2.1
 A Class,2016.0,12498,Manual,54544.0,Diesel,20.0,72.4,1.5
 GLC Class,2016.0,24998,Semi-Auto,30639.0,Diesel,125.0,56.5,2.1
 C Class,2016.0,13998,Manual,22117.0,Petrol,125.0,53.3,2.0
 S Class,2016.0,31998,Semi-Auto,14633.0,Diesel,200.0,47.9,3.0
 C Class,2019.0,29998,Semi-Auto,8520.0,Diesel,145.0,61.4,2.0
 C Class,2014.0,14498,Semi-Auto,39442.0,Diesel,20.0,64.2,2.1
 A Class,2014.0,10650,Manual,47280.0,Diesel,20.0,72.4,1.5
 E Class,2016.0,19998,Semi-Auto,35665.0,Diesel,145.0,54.3,3.0
 C Class,2015.0,16990,Automatic,7976.0,Petrol,125.0,52.3,2.0
 GLA Class,2017.0,15195,Manual,56960.0,Diesel,20.0,67.3,2.1
 CLS Class,2015.0,16498,Semi-Auto,39858.0,Diesel,125.0,56.5,2.1
 V Class,2017.0,31980,Automatic,16000.0,Diesel,145.0,44.8,2.1
 GLA Class,2016.0,18980,Automatic,41713.0,Diesel,125.0,56.6,2.1
 GLA Class,2017.0,19999,Semi-Auto,16339.0,Diesel,125.0,56.5,2.1
 C Class,2013.0,9881,Automatic,50591.0,Petrol,160.0,46.3,1.6
 E Class,2017.0,20998,Semi-Auto,21929.0,Diesel,30.0,65.7,2.0
 S Class,2019.0,46998,Semi-Auto,1042.0,Diesel,145.0,52.3,3.0
 E Class,2019.0,28998,Semi-Auto,26100.0,Diesel,145.0,65.7,2.0
 GLA Class,2016.0,17991,Semi-Auto,20233.0,Diesel,125.0,56.6,2.1
 C Class,2018.0,27498,Semi-Auto,9255.0,Diesel,145.0,57.7,2.0
 GLC Class,2019.0,27890,Automatic,19072.0,Diesel,145.0,56.5,2.1
 C Class,2017.0,22590,Semi-Auto,41131.0,Diesel,30.0,65.7,2.1
 C Class,2017.0,21991,Semi-Auto,19953.0,Diesel,145.0,67.3,2.1
 C Class,2019.0,32998,Semi-Auto,2878.0,Petrol,145.0,42.2,2.0
 GLC Class,2016.0,21998,Automatic,29884.0,Diesel,125.0,56.5,2.1
 CLS Class,2019.0,44498,Semi-Auto,5428.0,Diesel,145.0,47.9,2.9
 SL CLASS,2020.0,32999,Semi-Auto,600.0,Petrol,145.0,36.7,2.0
 E Class,2016.0,18880,Semi-Auto,45143.0,Diesel,30.0,65.7,2.0
 C Class,2016.0,18990,Semi-Auto,26413.0,Diesel,20.0,64.2,2.1
 V Class,2018.0,19346,Manual,34483.0,Diesel,150.0,46.3,2.1
 GLS Class,2017.0,38580,Automatic,22957.0,Diesel,145.0,37.2,3.0
 C Class,2015.0,12298,Semi-Auto,68718.0,Petrol,125.0,53.3,2.0
 GLC Class,2019.0,33495,Semi-Auto,12344.0,Diesel,145.0,56.5,2.1
 C Class,2017.0,18998,Semi-Auto,23760.0,Diesel,30.0,64.2,2.1
 E Class,2017.0,23995,Semi-Auto,19300.0,Diesel,30.0,65.7,2.0
 A Class,2015.0,10991,Semi-Auto,67865.0,Diesel,20.0,68.9,2.1
 E Class,2016.0,20998,Semi-Auto,16843.0,Diesel,145.0,54.3,3.0
 A Class,2018.0,20295,Semi-Auto,9748.0,Petrol,145.0,53.3,1.3
 C Class,2014.0,15280,Semi-Auto,25901.0,Diesel,20.0,64.2,2.1
 C Class,2016.0,13690,Manual,49761.0,Diesel,20.0,68.9,2.1
 V Class,2015.0,25990,Semi-Auto,56617.0,Diesel,235.0,44.8,2.2
 C Class,2018.0,20999,Semi-Auto,9250.0,Petrol,145.0,46.3,1.5
 C Class,2015.0,16810,Automatic,44929.0,Diesel,30.0,64.2,2.1
 CL Class,2015.0,13490,Automatic,63797.0,Diesel,20.0,68.9,2.1
 E Class,2016.0,19750,Semi-Auto,29000.0,Diesel,30.0,65.7,2.0
 A Class,2019.0,19498,Semi-Auto,14899.0,Diesel,145.0,68.9,1.5
 A Class,2019.0,23184,Manual,1173.0,Petrol,145.0,44.8,1.3
 A Class,2019.0,21250,Semi-Auto,4878.0,Petrol,145.0,53.3,1.3
 V Class,2018.0,19998,Manual,26973.0,Diesel,145.0,46.3,2.1
 GLC Class,2017.0,26999,Semi-Auto,35293.0,Diesel,145.0,56.5,2.1
 CLS Class,2015.0,16995,Automatic,50231.0,Diesel,125.0,56.5,2.1
 SL CLASS,2019.0,28491,Semi-Auto,9477.0,Petrol,145.0,47.1,2.0
 GLC Class,2017.0,26995,Semi-Auto,33153.0,Diesel,145.0,56.5,2.1
 GLC Class,2018.0,26890,Semi-Auto,15200.0,Diesel,145.0,41.5,2.1
 CLS Class,2017.0,22698,Semi-Auto,36402.0,Diesel,160.0,51.4,3.0
 C Class,2017.0,21565,Automatic,39447.0,Petrol,145.0,47.1,2.0
 GLE Class,2017.0,27950,Semi-Auto,14156.0,Diesel,145.0,47.9,2.1
 C Class,2017.0,13800,Manual,34015.0,Diesel,145.0,70.6,2.1
 A Class,2016.0,21998,Semi-Auto,17171.0,Petrol,165.0,45.6,2.0
 E Class,2017.0,18990,Semi-Auto,25326.0,Diesel,145.0,72.4,2.0
 C Class,2017.0,18998,Semi-Auto,26866.0,Diesel,30.0,64.2,2.1
 C Class,2016.0,20105,Automatic,14965.0,Diesel,30.0,64.2,2.1
 A Class,2013.0,11998,Semi-Auto,54060.0,Diesel,30.0,64.2,2.1
 CL Class,2016.0,18391,Semi-Auto,42192.0,Diesel,20.0,67.3,2.1
 C Class,2019.0,26601,Automatic,9949.0,Diesel,150.0,64.2,2.0
 SL CLASS,2016.0,18698,Semi-Auto,30269.0,Diesel,30.0,70.6,2.1
 V Class,2018.0,19998,Manual,24823.0,Diesel,145.0,46.3,2.1
 GLC Class,2016.0,20990,Automatic,44013.0,Diesel,125.0,56.5,2.1
 GLA Class,2015.0,15837,Semi-Auto,31091.0,Diesel,125.0,55.4,2.1
 C Class,2018.0,18998,Semi-Auto,15075.0,Petrol,145.0,50.4,2.0
 A Class,2019.0,21499,Semi-Auto,9198.0,Diesel,150.0,56.5,2.0
 C Class,2017.0,17495,Semi-Auto,25149.0,Petrol,145.0,51.4,2.0
 GLA Class,2020.0,27998,Semi-Auto,3930.0,Petrol,150.0,35.8,1.6
 CLS Class,2019.0,44999,Semi-Auto,4000.0,Diesel,145.0,47.9,2.9
 GLE Class,2017.0,27950,Automatic,23825.0,Diesel,145.0,42.8,3.0
 C Class,2016.0,16998,Semi-Auto,38830.0,Diesel,20.0,64.2,2.1
 GLC Class,2018.0,27880,Semi-Auto,10408.0,Diesel,145.0,56.5,2.1
 E Class,2017.0,21498,Semi-Auto,31750.0,Diesel,145.0,61.4,2.0
 GLE Class,2016.0,34998,Semi-Auto,17525.0,Diesel,300.0,39.2,3.0
 GLS Class,2019.0,44990,Automatic,11607.0,Diesel,145.0,37.2,3.0
 GLA Class,2015.0,16998,Semi-Auto,42129.0,Diesel,125.0,56.5,2.1
 C Class,2016.0,17672,Automatic,31656.0,Diesel,30.0,64.2,2.1
 A Class,2017.0,16898,Manual,24093.0,Diesel,150.0,62.8,2.1
 GLA Class,2016.0,21595,Semi-Auto,21512.0,Petrol,200.0,43.5,2.0
 GLA Class,2018.0,18995,Manual,21000.0,Petrol,145.0,48.7,1.6
 GLS Class,2018.0,46998,Semi-Auto,9182.0,Diesel,145.0,37.2,3.0
 GLA Class,2014.0,17998,Semi-Auto,34271.0,Petrol,200.0,42.8,2.0
 C Class,2017.0,22960,Semi-Auto,21225.0,Diesel,20.0,67.3,2.1
 GLA Class,2016.0,21498,Semi-Auto,21253.0,Petrol,200.0,43.5,2.0
 A Class,2013.0,14498,Semi-Auto,25064.0,Petrol,160.0,45.6,2.0
 B Class,2017.0,14995,Semi-Auto,26109.0,Diesel,20.0,68.9,2.1
 E Class,2019.0,48998,Semi-Auto,2669.0,Diesel,145.0,47.1,3.0
 GLC Class,2016.0,26320,Semi-Auto,26065.0,Diesel,145.0,56.5,2.1
 C Class,2017.0,21115,Semi-Auto,31538.0,Diesel,145.0,67.3,2.1
 GLA Class,2018.0,20350,Automatic,24556.0,Diesel,145.0,56.5,2.1
 C Class,2015.0,13361,Semi-Auto,35034.0,Petrol,125.0,53.3,2.0
 A Class,2016.0,14580,Manual,13232.0,Diesel,30.0,65.7,2.1
 CLS Class,2013.0,14750,Automatic,56198.0,Diesel,200.0,46.3,3.0
 SL CLASS,2017.0,18775,Automatic,19522.0,Diesel,30.0,70.6,2.1
 C Class,2014.0,10190,Semi-Auto,62448.0,Diesel,150.0,56.5,2.1
 GLC Class,2015.0,24498,Semi-Auto,23487.0,Diesel,125.0,56.5,2.1
 CL Class,2019.0,26499,Semi-Auto,10432.0,Diesel,145.0,51.4,2.2
 S Class,2016.0,30498,Semi-Auto,17624.0,Diesel,200.0,47.9,3.0
 C Class,2019.0,27980,Automatic,3168.0,Diesel,145.0,55.4,2.0
 C Class,2017.0,22440,Semi-Auto,32629.0,Diesel,20.0,67.3,2.1
 A Class,2019.0,19840,Automatic,12066.0,Petrol,145.0,53.3,1.3
 A Class,2019.0,21490,Automatic,23000.0,Diesel,145.0,67.3,1.5
 CL Class,2017.0,20500,Automatic,14611.0,Diesel,145.0,67.3,2.1
 C Class,2015.0,14500,Semi-Auto,38783.0,Diesel,20.0,64.2,2.1
 A Class,2014.0,13799,Semi-Auto,52311.0,Diesel,20.0,64.2,2.1
 A Class,2014.0,10990,Semi-Auto,49799.0,Diesel,20.0,68.9,2.1
